Item_Number,Onderdeel,Lengte,Breedte,Dikte,Materiaal,Extra_Info
1,BC,493,375,19HSP,19mm BxB Standaard,Fineer eik | 1mm | Fineer eik | 1mm
2,BC,965,337,19HSP,19mm BxB Standaard,Fineer eik | 1mm | Fineer eik | 1mm
3,BC,340,374,19HSP,19mm BxB Standaard,Fineer eik | 1mm | Fineer eik | 1mm
4,BC,1428,374,19HSP,19mm BxB Standaard,Fineer eik | 1mm | Fineer eik | 1mm
5,BC,966.5,337,19HSP,19mm BxB Standaard,Fineer eik | 1mm | Fineer eik | 1mm
6,BC,963.5,337,19HSP,19mm BxB Standaard,Fineer eik | 1mm | Fineer eik | 1mm
7,BC,987,446,19HSP,19mm BxB Standaard,Fineer eik | 1mm | Fineer eik | 1mm | Fineer eik | 1mm | Fineer eik | 1mm
8,LL01,458.667,330,19HSP,19mm BxB Standaard,Fineer eik | 1mm | Fineer eik | 1mm | Fineer eik | 1mm | Fineer eik | 1mm
9,LL01,491,331,19HSP,19mm BxB Standaard,Fineer eik | 1mm | Fineer eik | 1mm | Fineer eik | 1mm | Fineer eik | 1mm
10,LL02,491,331,19HSP,19mm BxB Standaard,Fineer eik | 1mm | Fineer eik | 1mm | Fineer eik | 1mm | Fineer eik | 1mm
11,LL02,458.667,330,19HSP,19mm BxB Standaard,Fineer eik | 1mm | Fineer eik | 1mm | Fineer eik | 1mm | Fineer eik | 1mm
12,LL03,458.667,330,19HSP,19mm BxB Standaard,Fineer eik | 1mm | Fineer eik | 1mm | Fineer eik | 1mm | Fineer eik | 1mm
13,LL03,491,331,19HSP,19mm BxB Standaard,Fineer eik | 1mm | Fineer eik | 1mm | Fineer eik | 1mm | Fineer eik | 1mm
14,LL04,466.667,237,19HSP,19mm BxB Standaard,Fineer eik | 1mm | Fineer eik | 1mm | Fineer eik | 1mm | Fineer eik | 1mm
15,LL05,458.667,330,19HSP,19mm BxB Standaard,Fineer eik | 1mm | Fineer eik | 1mm | Fineer eik | 1mm | Fineer eik | 1mm
16,LL06,458.667,330,19HSP,19mm BxB Standaard,Fineer eik | 1mm | Fineer eik | 1mm | Fineer eik | 1mm | Fineer eik | 1mm
17,LL07,458.667,330,19HSP,19mm BxB Standaard,Fineer eik | 1mm | Fineer eik | 1mm | Fineer eik | 1mm | Fineer eik | 1mm
18,LZ,564,376,19HSP,"19mm BxB Hoeken recht frezen, met de hand afsjangenStandaard",Fineer eik | 1mm | Fineer eik | 1mm | Fineer eik | 1mm | Fineer eik | 1mm
19,LZ,564,376,19HSP,"19mm BxB Hoeken recht frezen, met de hand afsjangenStandaard",Fineer eik | 1mm | Fineer eik | 1mm | Fineer eik | 1mm | Fineer eik | 1mm | Page 3 of 360411_MO07202-7203_TV-wand (7-7)
20,LZ,1745,375,19HSP,"19mm BxB Hoek recht frezen, met de hand afsjangenStandaard",Fineer eik | 1mm | Fineer eik | 1mm | Fineer eik | 1mm | Fineer eik | 1mm
21,LZ,1978,374,19HSP,19mm BxB Standaard,Fineer eik | 1mm | Fineer eik | 1mm | Fineer eik | 1mm | Fineer eik | 1mm
22,LZ,564,376,19HSP,"19mm BxB Hoeken recht frezen, met de hand afsjangenStandaard",Fineer eik | 1mm | Fineer eik | 1mm | Fineer eik | 1mm | Fineer eik | 1mm
23,LZ,2573,376,19HSP,19mm BxB Standaard,Fineer eik | 1mm | Fineer eik | 1mm | Fineer eik | 1mm | Fineer eik | 1mm
24,OC,1428,354,19HSP,19mm BxB Standaard,Fineer eik | 1mm | Fineer eik | 1mm
25,OC,493,355,19HSP,19mm BxB Standaard,Fineer eik | 1mm | Fineer eik | 1mm
26,OC,340,374,19HSP,19mm BxB Standaard,Fineer eik | 1mm | Fineer eik | 1mm
27,OC,965,355,19HSP,19mm BxB Standaard,Fineer eik | 1mm | Fineer eik | 1mm
28,OC,963.5,355,19HSP,19mm BxB Standaard,Fineer eik | 1mm | Fineer eik | 1mm
29,OC,966.5,355,19HSP,19mm BxB Standaard,Fineer eik | 1mm | Fineer eik | 1mm
30,RZ,564,376,19HSP,"19mm BxB Hoeken recht frezen, met de hand afsjangenStandaard",Fineer eik | 1mm | Fineer eik | 1mm | Fineer eik | 1mm | Fineer eik | 1mm
31,RZ,1745,375,19HSP,"19mm BxB Hoek recht frezen, met de hand afsjangenStandaard",Fineer eik | 1mm | Fineer eik | 1mm | Fineer eik | 1mm | Fineer eik | 1mm
32,RZ,564,376,19HSP,"19mm BxB Hoeken recht frezen, met de hand afsjangenStandaard",Fineer eik | 1mm | Fineer eik | 1mm | Fineer eik | 1mm | Fineer eik | 1mm
33,RZ,564,376,19HSP,"19mm BxB Hoeken recht frezen, met de hand afsjangenStandaard",Fineer eik | 1mm | Fineer eik | 1mm | Fineer eik | 1mm | Fineer eik | 1mm
34,RZ,2573,376,19HSP,19mm BxB Standaard,Fineer eik | 1mm | Fineer eik | 1mm | Fineer eik | 1mm | Fineer eik | 1mm
35,RZ,1978,374,19HSP,19mm BxB Standaard,Fineer eik | 1mm | Fineer eik | 1mm | Fineer eik | 1mm | Fineer eik | 1mm
36,TZ_01,1694,339,19HSP,"19mm BxB Hoek recht frezen, met de hand afsjangenStandaard",Fineer eik | 1mm
37,TZ_02,1694,339,19HSP,"19mm BxB Hoek recht frezen, met de hand afsjangenStandaard",Fineer eik | 1mm
38,VL,963.5,375,19HSP,19mm BxB Standaard,Fineer eik | 1mm | Fineer eik | 1mm
39,VL,965,310,19HSP,19mm BxB Standaard,Fineer eik | 1mm | Fineer eik | 1mm
40,VL,966.5,340,19HSP,19mm BxB Standaard,Fineer eik | 1mm
41,VL01,460.667,339,19HSP,19mm BxB Standaard,Fineer eik | 1mm | Fineer eik | 1mm | Page 4 of 360411_MO07202-7203_TV-wand (7-7)
42,VL01,493,331,19HSP,19mm BxB Standaard,Fineer eik | 1mm
43,VL01,340,337,19HSP,19mm BxB Standaard,Fineer eik | 1mm | Fineer eik | 1mm
44,VL02,493,375,19HSP,19mm BxB Standaard,Fineer eik | 1mm | Fineer eik | 1mm
45,VL02,468.667,339,19HSP,19mm BxB Standaard,Fineer eik | 1mm | Fineer eik | 1mm
46,VL02,340,337,19HSP,19mm BxB Standaard,Fineer eik | 1mm | Fineer eik | 1mm
47,VL03,460.667,339,19HSP,19mm BxB Standaard,Fineer eik | 1mm | Fineer eik | 1mm
48,VL03,340,337,19HSP,19mm BxB Standaard,Fineer eik | 1mm | Fineer eik | 1mm
49,VL04,340,337,19HSP,19mm BxB Standaard,Fineer eik | 1mm | Fineer eik | 1mm
50,VL04,468.667,330,19HSP,19mm BxB Standaard,Fineer eik | 1mm | Fineer eik | 1mm
51,VL05,468.667,330,19HSP,19mm BxB Standaard,Fineer eik | 1mm | Fineer eik | 1mm
52,AFWZ_L,1750,395,19MDF,19mm AFQMxB B=20mm overmaatStandaard,Fineer eik | 1mm | Fineer eik | 1mm | Fineer eik | 1mm | Fineer eik | 1mm
53,AFWZ_L,2638,396,19MDF,19mm AFQMxB L+B=20mm overmaatStandaard,Fineer eik | 1mm | Fineer eik | 1mm | Fineer eik | 1mm | Fineer eik | 1mm
54,AFWZ_R,569,396,19MDF,19mm AFQMxB L+B=20mm overmaatStandaard,Fineer eik | 1mm | Fineer eik | 1mm | Fineer eik | 1mm | Fineer eik | 1mm
55,AFWZ_R,2038,396,19MDF,19mm AFQMxB L+B=20mm overmaatStandaard,Fineer eik | 1mm | Fineer eik | 1mm | Fineer eik | 1mm | Fineer eik | 1mm
56,AFWZ_R,1750,395,19MDF,19mm AFQMxB B=20mm overmaatStandaard,Fineer eik | 1mm | Fineer eik | 1mm | Fineer eik | 1mm | Fineer eik | 1mm
57,BB,1000,469,19MDF,19mm AFQMxB BorstellenStandaard,Fineer eik | 1mm | Fineer eik | 1mm | Fineer eik | 1mm | Fineer eik | 1mm
58,DR_L01,1100,484.667,19MDF,19mm AFQMxB Standaard,Fineer eik | 1mm | Fineer eik | 1mm | Fineer eik | 1mm | Fineer eik | 1mm
59,DR_L01,2545,525,19MDF,19mm AFQMxB Standaard,Fineer eik | 1mm | Fineer eik | 1mm | Fineer eik | 1mm | Fineer eik | 1mm
60,DR_L02,599,484.667,19MDF,19mm AFQMxB Standaard,Fineer eik | 1mm | Fineer eik | 1mm | Fineer eik | 1mm | Fineer eik | 1mm
61,DR_R03,599,484.667,19MDF,19mm AFQMxB Standaard,Fineer eik | 1mm | Fineer eik | 1mm | Fineer eik | 1mm | Fineer eik | 1mm
62,DR_R04,1100,484.667,19MDF,19mm AFQMxB Standaard,Fineer eik | 1mm | Fineer eik | 1mm | Fineer eik | 1mm | Fineer eik | 1mm
63,DR_R05,599,484.667,19MDF,19mm AFQMxB Standaard,Fineer eik | 1mm | Fineer eik | 1mm | Fineer eik | 1mm | Fineer eik | 1mm | Page 5 of 360411_MO07202-7203_TV-wand (7-7)
64,LF_01,981,250,19MDF,19mm AFQMxB BorstellenStandaard,Fineer eik | 1mm | Fineer eik | 1mm | Fineer eik | 1mm | Fineer eik | 1mm
65,LF_01,1000,243.5,19MDF,19mm AFQMxB Standaard,Fineer eik | 1mm | Fineer eik | 1mm | Fineer eik | 1mm | Fineer eik | 1mm
66,LF_02,981,250,19MDF,19mm AFQMxB BorstellenStandaard,Fineer eik | 1mm | Fineer eik | 1mm | Fineer eik | 1mm | Fineer eik | 1mm
67,LF_02,1000,243.5,19MDF,19mm AFQMxB Standaard,Fineer eik | 1mm | Fineer eik | 1mm | Fineer eik | 1mm | Fineer eik | 1mm
68,LF_03,1000,243.5,19MDF,19mm AFQMxB Standaard,Fineer eik | 1mm | Fineer eik | 1mm | Fineer eik | 1mm | Fineer eik | 1mm
69,LF_04,1000,243.5,19MDF,19mm AFQMxB Standaard,Fineer eik | 1mm | Fineer eik | 1mm | Fineer eik | 1mm | Fineer eik | 1mm
70,LF_05,1000,243.5,19MDF,19mm AFQMxB Standaard,Fineer eik | 1mm | Fineer eik | 1mm | Fineer eik | 1mm | Fineer eik | 1mm
71,Valklep,1000,243.5,19MDF,19mm AFQMxB Standaard,Fineer eik | 1mm | Fineer eik | 1mm | Fineer eik | 1mm | Fineer eik | 1mm | Aantal onderdelen: 71 | Page 6 of 360411_MO07202-7203_TV-wand (7-7) | MO07202-7203 | Project: | S8 | Schuren | Rudi MatterneKlant: | Tekenaar: JW | Sales nr: S04479 | 0411_MO07202-7203_TV-wand (7-7) Opdeelzaag
1,LZ,503,,,,FineerPlaat AFQMxB 19mm Int | bloom
469,19,Borstellen,,,,Fineer eik | 1mm | Fineer eik | 1mm | Fineer eik | 1mm
2,OC,1000,,,,FineerPlaat AFQMxB 19mm Int | bloom
469,19,,,,,
3,RZ,503,,,,FineerPlaat AFQMxB 19mm Int | bloom
469,19,Borstellen,,,,Fineer eik | 1mm | Fineer eik | 1mm | Fineer eik | 1mm
4,Bodem,935.5MDF,13mm,BxB,295 13,
5,Bodem,934MDF,13mm,BxB,295 13,
6,Bodem,935.5MDF,13mm,BxB,295 13,
7,Bodem,932.5MDF,13mm,BxB,295 13,
8,Bodem,930MDF,13mm,BxB,395 13,
9,Bodem,930MDF,13mm,BxB,395 13,
10,Bodem,932.5MDF,13mm,BxB,295 13,
11,Valse,rug,622MDF,13mm,BxB 467.667 13,
12,L_greep,1001.5MDF,19mm,AFQMxB,97 19 Afwerken_GR-Gannomat,Fineer eik | 1mm | Fineer eik | 1mm
13,L_greep,1004.5MDF,19mm,AFQMxB,97 19 Afwerken_GR-Gannomat,Fineer eik | 1mm | Fineer eik | 1mm
14,L_greep,1003MDF,19mm,AFQMxB,97 19 Afwerken_GR-Gannomat,Fineer eik | 1mm | Fineer eik | 1mm
15,L_greep,1004.5MDF,19mm,AFQMxB,"100 19 1x 60mm breed, 1x 34mm breed",Fineer eik | 1mm
16,L_greep,1001.5MDF,19mm,AFQMxB,"100 19 1x 60mm breed, 1x 34mm breed",Fineer eik | 1mm
17,L_greep,1003MDF,19mm,AFQMxB,"100 19 1x 60mm breed, 1x 34mm breed",Fineer eik | 1mm
18,L-greep,1466MDF,19mm,AFQMxB,"120 19 1x 70mm breed, 1x 34mm breed",Fineer eik | 1mm
19,Paslat_Dik,2770MDF,23mm,AFQMxB,100 23,Fineer eik | 1mm | Fineer eik | 1mm | Fineer eik | 1mm | Fineer eik | 1mm | Page 7 of 360411_MO07202-7203_TV-wand (7-7)
20,BB_01,387.5MDF,31mm,AFQMxB,"416 31 Achteraf afsjangen, B=20mm overmaat",Fineer eik | 1mm | Fineer eik | 1mm | Fineer eik | 1mm
21,BB_02,2641.5MDF,31mm,AFQMxB,"416 31 Achteraf afsjangen, B=20mm overmaat",Fineer eik | 1mm | Fineer eik | 1mm | Fineer eik | 1mm
22,Plank,453MDF,31mm,BxB,313 31,Fineer eik | 1mm | Fineer eik | 1mm | Fineer eik | 1mm | Fineer eik | 1mm
23,RG,1952MDF,5mm,BxB,505 5,
24,RG,975MDF,5mm,BxB,491 5,
25,RG,1950MDF,5mm,BxB,350 5,
26,RG,977MDF,5mm,BxB,525 5,
27,RG,975.5MDF,5mm,BxB,248.5 5,
28,RG,978.5MDF,5mm,BxB,525 5,
29,RG01,1706MDF,5mm,BxB,476.167 5,
30,RG02,1706MDF,5mm,BxB,487.667 5,
31,RG03,1706MDF,5mm,BxB,476.167 5,"Aantal onderdelen: 31 | Page 8 of 360411_MO07202-7203_TV-wand (7-7) | MO07202-7203 | Project: | S8 | Schuren | Rudi MatterneKlant: | Tekenaar: JW | Sales nr: S04479 | 0411_MO07202-7203_TV-wand (7-7) Massief | Accura: | BB_01 en BB_02 na handwerk pas afsjangen | Opus: | - Hoeken recht frezen van zijden (BK_Dressing_02-03-04) | Handwerk: | - BB_01 en BB_02 met elkaar verbinden (achteraf afsjangen) | - 2x L-greep monteren (zie tek) | - Uitsparing in zijden afsjangen (1 kantje) info JW | Glasdeur met smal zwart profiel en helder glas, | zonder onderverdeling"
1,AS,921Massief_PM___x14ZS,206,14,uitkiepen 60x12,
2,AS,921Massief_PM___x14ZS,206,14,uitkiepen 60x12,
3,AS,923.5Massief_PM___x14ZS,160,14,uitkiepen 60x12,
4,AS,923.5Massief_PM___x14ZS,160,14,uitkiepen 60x12,
5,AS,925Massief_PM___x14ZS,160,14,uitkiepen 60x12,
6,AS,926.5Massief_PM___x14ZS,160,14,uitkiepen 60x12,
7,AS,926.5Massief_PM___x14ZS,160,14,uitkiepen 60x12,Page 9 of 360411_MO07202-7203_TV-wand (7-7)
8,ZS_L,300Massief_PM___x14ZS,160,14,,
9,ZS_L,300Massief_PM___x14ZS,160,14,,
10,ZS_L,300Massief_PM___x14ZS,160,14,,
11,ZS_L,300Massief_PM___x14ZS,160,14,,
12,ZS_L,300Massief_PM___x14ZS,160,14,,
13,ZS_L,400Massief_PM___x14ZS,206,14,,
14,ZS_L,400Massief_PM___x14ZS,206,14,,
15,ZS_R,300Massief_PM___x14ZS,160,14,,
16,ZS_R,300Massief_PM___x14ZS,160,14,,
17,ZS_R,300Massief_PM___x14ZS,160,14,,
18,ZS_R,300Massief_PM___x14ZS,160,14,,
19,ZS_R,300Massief_PM___x14ZS,160,14,,
20,ZS_R,400Massief_PM___x14ZS,206,14,,
21,ZS_R,400Massief_PM___x14ZS,206,14,,
22,Plint,Dressing,A,1428Massief_PM018x18PD,18 18,
23,Plint,Dressing,A,493Massief_PM018x18PD,18 18,
24,Plint,Dressing,A,963.5Massief_PM018x18PD,18 18,
25,Plint,Dressing,A,965Massief_PM018x18PD,18 18,
26,Plint,Dressing,A,966.5Massief_PM018x18PD,18 18,
27,Plint,Dressing,V,1428Massief_PM018x18PD,18 18,
28,Plint,Dressing,V,493Massief_PM018x18PD,18 18,
29,Plint,Dressing,V,963.5Massief_PM018x18PD,18 18,Page 10 of 360411_MO07202-7203_TV-wand (7-7)
30,Plint,Dressing,V,965Massief_PM018x18PD,18 18,
31,Plint,Dressing,V,966.5Massief_PM018x18PD,18 18,
32,AANV_L,315Massief_PM030x30ML,30,30,,
33,Achterpoot,249Massief_PM032x21OP,32,21,ZWART,
34,Plint,L,413Massief_PM032x21OP,32,21 ZWART,
35,Plint,R,413Massief_PM032x21OP,32,21 ZWART,
36,Plint,V,943Massief_PM032x21OP,32,21 ZWART,
37,OC_greep,1001.5MDF,19mm,AFQMxB,34 19 Profel_L_Greeplijst,
38,OC_greep,1003MDF,19mm,AFQMxB,34 19 Profel_L_Greeplijst,
39,OC_greep,1004.5MDF,19mm,AFQMxB,34 19 Profel_L_Greeplijst,
40,Rug,1001.5MDF,19mm,AFQMxB,60 19 profiel_L_greeplijst,
41,Rug,1003MDF,19mm,AFQMxB,60 19 profiel_L_greeplijst,
42,Rug,1004.5MDF,19mm,AFQMxB,60 19 profiel_L_greeplijst,Aantal onderdelen: 42 | Page 11 of 360411_MO07202-7203_TV-wand (7-7)
