page_number,item_number,onderdeel,materiaal,lengte,breedte,dikte,l1,l2,b1,b2,pro_methode,opmerkingen,source_line,is_te_bestellen
2,1,BC,HSP 19mm BxB,493,375,19,"Fineer eik
1mm","Fineer eik
1mm",,,,," BC HSP 19mm BxB 493 375 19 Fineer eik
1mm Fineer eik
1mm   Standaard ",False
2,8,LL01,HSP 19mm BxB,458.667,330,19,"Fineer eik
1mm","Fineer eik
1mm","Fineer eik
1mm","Fineer eik
1mm",,,"8 LL01 HSP 19mm BxB 458.667 330 19 Fineer eik
1mm Fineer eik
1mm Fineer eik
1mm Fineer eik
1mm Standaard ",False
2,10,LL02,HSP 19mm BxB,491,331,19,"Fineer eik
1mm","Fineer eik
1mm","Fineer eik
1mm","Fineer eik
1mm",,,"10 LL02 HSP 19mm BxB 491 331 19 Fineer eik
1mm Fineer eik
1mm Fineer eik
1mm Fineer eik
1mm Standaard ",False
2,12,LL03,HSP 19mm BxB,458.667,330,19,"Fineer eik
1mm","Fineer eik
1mm","Fineer eik
1mm","Fineer eik
1mm",,,"12 LL03 HSP 19mm BxB 458.667 330 19 Fineer eik
1mm Fineer eik
1mm Fineer eik
1mm Fineer eik
1mm Standaard ",False
2,14,LL04,HSP 19mm BxB,466.667,237,19,"Fineer eik
1mm","Fineer eik
1mm","Fineer eik
1mm","Fineer eik
1mm",,,"14 LL04 HSP 19mm BxB 466.667 237 19 Fineer eik
1mm Fineer eik
1mm Fineer eik
1mm Fineer eik
1mm Standaard ",False
2,15,LL05,HSP 19mm BxB,458.667,330,19,"Fineer eik
1mm","Fineer eik
1mm","Fineer eik
1mm","Fineer eik
1mm",,," LL05 HSP 19mm BxB 458.667 330 19 Fineer eik
1mm Fineer eik
1mm Fineer eik
1mm Fineer eik
1mm Standaard ",False
2,16,LL06,HSP 19mm BxB,458.667,330,19,"Fineer eik
1mm","Fineer eik
1mm","Fineer eik
1mm","Fineer eik
1mm",,,"16 LL06 HSP 19mm BxB 458.667 330 19 Fineer eik
1mm Fineer eik
1mm Fineer eik
1mm Fineer eik
1mm Standaard ",False
2,17,LL07,HSP 19mm BxB,458.667,330,19,"Fineer eik
1mm","Fineer eik
1mm","Fineer eik
1mm","Fineer eik
1mm",,," LL07 HSP 19mm BxB 458.667 330 19 Fineer eik
1mm Fineer eik
1mm Fineer eik
1mm Fineer eik
1mm Standaard ",False
2,18,LZ,HSP 19mm BxB,564,376,19,"Fineer eik
1mm","Fineer eik
1mm","Fineer eik
1mm","Fineer eik
1mm",,,"18 LZ HSP 19mm BxB 564 376 19 Fineer eik
1mm Fineer eik
1mm Fineer eik
1mm Fineer eik
1mm Standaard Hoeken recht frezen, met de hand afsjangen",False
2,1,BC,HSP,1,19,493,,,,,Standaard,,1 BC HSP 19mm BxB 493 375 19 Fineer eikFineer eik Standaard,False
2,8,LL01,HSP,8,01,19,,,,,Standaard,,8 LL01 HSP 19mm BxB 458.667 330 19 Fineer eikFineer eikFineer eikFineer eik Standaard,False
2,10,LL02,HSP,10,02,19,,,,,Standaard,,10 LL02 HSP 19mm BxB 491 331 19 Fineer eikFineer eikFineer eikFineer eik Standaard,False
2,12,LL03,HSP,12,03,19,,,,,Standaard,,12 LL03 HSP 19mm BxB 458.667 330 19 Fineer eikFineer eikFineer eikFineer eik Standaard,False
2,14,LL04,HSP,14,04,19,,,,,Standaard,,14 LL04 HSP 19mm BxB 466.667 237 19 Fineer eikFineer eikFineer eikFineer eik Standaard,False
2,15,LL05,HSP,15,05,19,,,,,Standaard,,15 LL05 HSP 19mm BxB 458.667 330 19 Fineer eikFineer eikFineer eikFineer eik Standaard,False
2,16,LL06,HSP,16,06,19,,,,,Standaard,,16 LL06 HSP 19mm BxB 458.667 330 19 Fineer eikFineer eikFineer eikFineer eik Standaard,False
2,17,LL07,HSP,17,07,19,,,,,Standaard,,17 LL07 HSP 19mm BxB 458.667 330 19 Fineer eikFineer eikFineer eikFineer eik Standaard,False
2,18,LZ,HSP,18,19,564,,,,,Standaard,,"18 LZ HSP 19mm BxB 564 376 19 Fineer eikFineer eikFineer eikFineer eik Standaard Hoeken recht frezen, met de hand afsjangen",False
3,20,LZ,HSP 19mm BxB,1745,375,19,"Fineer eik
1mm","Fineer eik
1mm","Fineer eik
1mm","Fineer eik
1mm",Standaard,,"20 LZ HSP 19mm BxB 1745 375 19 Fineer eik
1mm Fineer eik
1mm Fineer eik
1mm Fineer eik
1mm Standaard Hoek recht frezen, met de hand afsjangen",False
3,24,OC,HSP 19mm BxB,1428,354,19,"Fineer eik
1mm","Fineer eik
1mm",,,Standaard,,"24 OC HSP 19mm BxB 1428 354 19 Fineer eik
1mm Fineer eik
1mm   Standaard ",False
3,30,RZ,HSP 19mm BxB,564,376,19,"Fineer eik
1mm","Fineer eik
1mm","Fineer eik
1mm","Fineer eik
1mm",Standaard,,"30 RZ HSP 19mm BxB 564 376 19 Fineer eik
1mm Fineer eik
1mm Fineer eik
1mm Fineer eik
1mm Standaard Hoeken recht frezen, met de hand afsjangen",False
3,36,TZ_01,HSP 19mm BxB,1694,339,19,,"Fineer eik
1mm",,,Standaard,,"36 TZ_01 HSP 19mm BxB 1694 339 19  Fineer eik
1mm   Standaard Hoek recht frezen, met de hand afsjangen",False
3,17,TZ_02,HSP 19mm BxB,1694,339,19,"Fineer eik
1mm",,,,Standaard,," TZ_02 HSP 19mm BxB 1694 339 19 Fineer eik
1mm    Standaard ",False
3,38,VL,HSP 19mm BxB,963.5,375,19,"Fineer eik
1mm","Fineer eik
1mm",,,Standaard,,"38 VL HSP 19mm BxB 963.5 375 19 Fineer eik
1mm Fineer eik
1mm   Standaard ",False
3,21,VL01,HSP 19mm BxB,460.667,339,19,"Fineer eik
1mm","Fineer eik
1mm",,,Standaard,," VL01 HSP 19mm BxB 460.667 339 19 Fineer eik
1mm Fineer eik
1mm   Standaard ",False
3,20,LZ,HSP,20,19,1745,,,,,Standaard,,"20 LZ HSP 19mm BxB 1745 375 19 Fineer eikFineer eikFineer eikFineer eik Standaard Hoek recht frezen, met de hand afsjangen",False
3,24,OC,HSP,24,19,1428,,,,,Standaard,,24 OC HSP 19mm BxB 1428 354 19 Fineer eikFineer eik Standaard,False
3,30,RZ,HSP,30,19,564,,,,,Standaard,,"30 RZ HSP 19mm BxB 564 376 19 Fineer eikFineer eikFineer eikFineer eik Standaard Hoeken recht frezen, met de hand afsjangen",False
3,36,TZ_01,HSP,36,01,19,,,,,Standaard,,"36 TZ_01 HSP 19mm BxB 1694 339 19 Fineer eik Standaard Hoek recht frezen, met de hand afsjangen",False
3,37,TZ_02,HSP,37,02,19,,,,,Standaard,,"37 TZ_02 HSP 19mm BxB 1694 339 19 Fineer eik Standaard Hoek recht frezen, met de hand afsjangen",False
3,38,VL,HSP,38,19,963.5,,,,,Standaard,,38 VL HSP 19mm BxB 963.5 375 19 Fineer eikFineer eik Standaard,False
3,41,VL01,HSP,41,01,19,,,,,Standaard,,41 VL01 HSP 19mm BxB 460.667 339 19 Fineer eikFineer eik Standaard,False
4,42,VL01,HSP 19mm BxB,493,331,19,"Fineer eik
1mm",,,,Standaard,,"42 VL01 HSP 19mm BxB 493 331 19 Fineer eik
1mm    Standaard ",False
4,44,VL02,HSP 19mm BxB,493,375,19,"Fineer eik
1mm","Fineer eik
1mm",,,Standaard,,"44 VL02 HSP 19mm BxB 493 375 19 Fineer eik
1mm Fineer eik
1mm   Standaard ",False
4,5,VL03,HSP 19mm BxB,460.667,339,19,"Fineer eik
1mm","Fineer eik
1mm",,,Standaard,," VL03 HSP 19mm BxB 460.667 339 19 Fineer eik
1mm Fineer eik
1mm   Standaard ",False
4,7,VL04,HSP 19mm BxB,340,337,19,"Fineer eik
1mm","Fineer eik
1mm",,,Standaard,," VL04 HSP 19mm BxB 340 337 19 Fineer eik
1mm Fineer eik
1mm   Standaard ",False
4,9,VL05,HSP 19mm BxB,468.667,330,19,"Fineer eik
1mm","Fineer eik
1mm",,,Standaard,," VL05 HSP 19mm BxB 468.667 330 19 Fineer eik
1mm Fineer eik
1mm   Standaard ",False
4,52,AFWZ_L,MDF 19mm AFQMxB,1750,395,19,"Fineer eik
1mm","Fineer eik
1mm","Fineer eik
1mm","Fineer eik
1mm",Standaard,,"52 AFWZ_L MDF 19mm AFQMxB 1750 395 19 Fineer eik
1mm Fineer eik
1mm Fineer eik
1mm Fineer eik
1mm Standaard B=20mm overmaat",False
4,54,AFWZ_R,MDF 19mm AFQMxB,569,396,19,"Fineer eik
1mm","Fineer eik
1mm","Fineer eik
1mm","Fineer eik
1mm",Standaard,,"54 AFWZ_R MDF 19mm AFQMxB 569 396 19 Fineer eik
1mm Fineer eik
1mm Fineer eik
1mm Fineer eik
1mm Standaard L+B=20mm overmaat",False
4,15,BB,MDF 19mm AFQMxB,1000,469,19,"Fineer eik
1mm","Fineer eik
1mm","Fineer eik
1mm","Fineer eik
1mm",Standaard,," BB MDF 19mm AFQMxB 1000 469 19 Fineer eik
1mm Fineer eik
1mm Fineer eik
1mm Fineer eik
1mm Standaard ",False
4,58,DR_L01,MDF 19mm AFQMxB,1100,484.667,19,"Fineer eik
1mm","Fineer eik
1mm","Fineer eik
1mm","Fineer eik
1mm",Standaard,,"58 DR_L01 MDF 19mm AFQMxB 1100 484.667 19 Fineer eik
1mm Fineer eik
1mm Fineer eik
1mm Fineer eik
1mm Standaard ",False
4,60,DR_L02,MDF 19mm AFQMxB,599,484.667,19,"Fineer eik
1mm","Fineer eik
1mm","Fineer eik
1mm","Fineer eik
1mm",Standaard,,"60 DR_L02 MDF 19mm AFQMxB 599 484.667 19 Fineer eik
1mm Fineer eik
1mm Fineer eik
1mm Fineer eik
1mm Standaard ",False
4,19,DR_R03,MDF 19mm AFQMxB,599,484.667,19,"Fineer eik
1mm","Fineer eik
1mm","Fineer eik
1mm","Fineer eik
1mm",Standaard,," DR_R03 MDF 19mm AFQMxB 599 484.667 19 Fineer eik
1mm Fineer eik
1mm Fineer eik
1mm Fineer eik
1mm Standaard ",False
4,62,DR_R04,MDF 19mm AFQMxB,1100,484.667,19,"Fineer eik
1mm","Fineer eik
1mm","Fineer eik
1mm","Fineer eik
1mm",Standaard,,"62 DR_R04 MDF 19mm AFQMxB 1100 484.667 19 Fineer eik
1mm Fineer eik
1mm Fineer eik
1mm Fineer eik
1mm Standaard ",False
4,21,DR_R05,MDF 19mm AFQMxB,599,484.667,19,"Fineer eik
1mm","Fineer eik
1mm","Fineer eik
1mm","Fineer eik
1mm",Standaard,," DR_R05 MDF 19mm AFQMxB 599 484.667 19 Fineer eik
1mm Fineer eik
1mm Fineer eik
1mm Fineer eik
1mm Standaard ",False
4,42,VL01,HSP,42,01,19,,,,,Standaard,,42 VL01 HSP 19mm BxB 493 331 19 Fineer eik Standaard,False
4,44,VL02,HSP,44,02,19,,,,,Standaard,,44 VL02 HSP 19mm BxB 493 375 19 Fineer eikFineer eik Standaard,False
4,47,VL03,HSP,47,03,19,,,,,Standaard,,47 VL03 HSP 19mm BxB 460.667 339 19 Fineer eikFineer eik Standaard,False
4,49,VL04,HSP,49,04,19,,,,,Standaard,,49 VL04 HSP 19mm BxB 340 337 19 Fineer eikFineer eik Standaard,False
4,51,VL05,HSP,51,05,19,,,,,Standaard,,51 VL05 HSP 19mm BxB 468.667 330 19 Fineer eikFineer eik Standaard,False
4,52,AFWZ_L,MDF,52,19,1750,,,,,Standaard,,52 AFWZ_L MDF 19mm AFQMxB 1750 395 19 Fineer eikFineer eikFineer eikFineer eik Standaard B=20mm overmaat,False
4,54,AFWZ_R,MDF,54,19,569,,,,,Standaard,,54 AFWZ_R MDF 19mm AFQMxB 569 396 19 Fineer eikFineer eikFineer eikFineer eik Standaard L+B=20mm overmaat,False
4,57,BB,MDF,57,19,1000,,,,,Standaard,,57 BB MDF 19mm AFQMxB 1000 469 19 Fineer eikFineer eikFineer eikFineer eik Standaard Borstellen,False
4,58,DR_L01,MDF,58,01,19,,,,,Standaard,,58 DR_L01 MDF 19mm AFQMxB 1100 484.667 19 Fineer eikFineer eikFineer eikFineer eik Standaard,False
4,60,DR_L02,MDF,60,02,19,,,,,Standaard,,60 DR_L02 MDF 19mm AFQMxB 599 484.667 19 Fineer eikFineer eikFineer eikFineer eik Standaard,False
4,61,DR_R03,MDF,61,03,19,,,,,Standaard,,61 DR_R03 MDF 19mm AFQMxB 599 484.667 19 Fineer eikFineer eikFineer eikFineer eik Standaard,False
4,62,DR_R04,MDF,62,04,19,,,,,Standaard,,62 DR_R04 MDF 19mm AFQMxB 1100 484.667 19 Fineer eikFineer eikFineer eikFineer eik Standaard,False
4,63,DR_R05,MDF,63,05,19,,,,,Standaard,,63 DR_R05 MDF 19mm AFQMxB 599 484.667 19 Fineer eikFineer eikFineer eikFineer eik Standaard,False
5,64,LF_01,MDF 19mm AFQMxB,981,250,19,"Fineer eik
1mm","Fineer eik
1mm","Fineer eik
1mm","Fineer eik
1mm",Standaard,,"64 LF_01 MDF 19mm AFQMxB 981 250 19 Fineer eik
1mm Fineer eik
1mm Fineer eik
1mm Fineer eik
1mm Standaard Borstellen",False
5,66,LF_02,MDF 19mm AFQMxB,981,250,19,"Fineer eik
1mm","Fineer eik
1mm","Fineer eik
1mm","Fineer eik
1mm",Standaard,,"66 LF_02 MDF 19mm AFQMxB 981 250 19 Fineer eik
1mm Fineer eik
1mm Fineer eik
1mm Fineer eik
1mm Standaard Borstellen",False
5,68,LF_03,MDF 19mm AFQMxB,1000,243.5,19,"Fineer eik
1mm","Fineer eik
1mm","Fineer eik
1mm","Fineer eik
1mm",Standaard,,"68 LF_03 MDF 19mm AFQMxB 1000 243.5 19 Fineer eik
1mm Fineer eik
1mm Fineer eik
1mm Fineer eik
1mm Standaard ",False
5,5,LF_04,MDF 19mm AFQMxB,1000,243.5,19,"Fineer eik
1mm","Fineer eik
1mm","Fineer eik
1mm","Fineer eik
1mm",Standaard,," LF_04 MDF 19mm AFQMxB 1000 243.5 19 Fineer eik
1mm Fineer eik
1mm Fineer eik
1mm Fineer eik
1mm Standaard ",False
5,70,LF_05,MDF 19mm AFQMxB,1000,243.5,19,"Fineer eik
1mm","Fineer eik
1mm","Fineer eik
1mm","Fineer eik
1mm",Standaard,,"70 LF_05 MDF 19mm AFQMxB 1000 243.5 19 Fineer eik
1mm Fineer eik
1mm Fineer eik
1mm Fineer eik
1mm Standaard ",False
5,7,Valklep,MDF 19mm AFQMxB,1000,243.5,19,"Fineer eik
1mm","Fineer eik
1mm","Fineer eik
1mm","Fineer eik
1mm",Standaard,," Valklep MDF 19mm AFQMxB 1000 243.5 19 Fineer eik
1mm Fineer eik
1mm Fineer eik
1mm Fineer eik
1mm Standaard ",False
5,64,LF_01,MDF,64,01,19,,,,,Standaard,,64 LF_01 MDF 19mm AFQMxB 981 250 19 Fineer eikFineer eikFineer eikFineer eik Standaard Borstellen,False
5,66,LF_02,MDF,66,02,19,,,,,Standaard,,66 LF_02 MDF 19mm AFQMxB 981 250 19 Fineer eikFineer eikFineer eikFineer eik Standaard Borstellen,False
5,68,LF_03,MDF,68,03,19,,,,,Standaard,,68 LF_03 MDF 19mm AFQMxB 1000 243.5 19 Fineer eikFineer eikFineer eikFineer eik Standaard,False
5,69,LF_04,MDF,69,04,19,,,,,Standaard,,69 LF_04 MDF 19mm AFQMxB 1000 243.5 19 Fineer eikFineer eikFineer eikFineer eik Standaard,False
5,70,LF_05,MDF,70,05,19,,,,,Standaard,,70 LF_05 MDF 19mm AFQMxB 1000 243.5 19 Fineer eikFineer eikFineer eikFineer eik Standaard,False
5,71,Valklep,MDF,71,19,1000,,,,,Standaard,,71 Valklep MDF 19mm AFQMxB 1000 243.5 19 Fineer eikFineer eikFineer eikFineer eik Standaard,False
6,1,LZ,"FineerPlaat AFQMxB 19mm Int
bloom",503,469,19,"Fineer eik
1mm",,"Fineer eik
1mm","Fineer eik
1mm",,," LZ FineerPlaat AFQMxB 19mm Int
bloom 503 469 19 Fineer eik
1mm  Fineer eik
1mm Fineer eik
1mm ",False
6,2,OC,"FineerPlaat AFQMxB 19mm Int
bloom",1000,469,19,,,,,,,"2 OC FineerPlaat AFQMxB 19mm Int
bloom 1000 469 19     ",False
6,3,RZ,"FineerPlaat AFQMxB 19mm Int
bloom",503,469,19,,"Fineer eik
1mm","Fineer eik
1mm","Fineer eik
1mm",,," RZ FineerPlaat AFQMxB 19mm Int
bloom 503 469 19  Fineer eik
1mm Fineer eik
1mm Fineer eik
1mm ",False
6,4,Bodem,MDF 13mm BxB,935.5,295,13,,,,,,,4 Bodem MDF 13mm BxB 935.5 295 13     ,False
6,11,Valse rug,MDF 13mm BxB,622,467.667,13,,,,,,, Valse rug MDF 13mm BxB 622 467.667 13     ,False
6,12,L_greep,MDF 19mm AFQMxB,1001.5,97,19,"Fineer eik
1mm","Fineer eik
1mm",,,,,"12 L_greep MDF 19mm AFQMxB 1001.5 97 19 Fineer eik
1mm Fineer eik
1mm   Afwerken_GR-Gannomat",False
6,18,L-greep,MDF 19mm AFQMxB,1466,120,19,"Fineer eik
1mm",,,,,,"18 L-greep MDF 19mm AFQMxB 1466 120 19 Fineer eik
1mm    1x 70mm breed, 1x 34mm breed",False
6,19,Paslat_Dik,MDF 23mm AFQMxB,2770,100,23,"Fineer eik
1mm","Fineer eik
1mm","Fineer eik
1mm","Fineer eik
1mm",,," Paslat_Dik MDF 23mm AFQMxB 2770 100 23 Fineer eik
1mm Fineer eik
1mm Fineer eik
1mm Fineer eik
1mm ",False
6,1,LZ,FineerPlaat,1,19,503,,,,,,,1 LZ FineerPlaat AFQMxB 19mm Int 503 469 19 Fineer eik Fineer eikFineer eik Borstellen,False
6,2,OC,,2,1000,469,,,,,,,2 OC 1000 469 19,False
6,3,RZ,FineerPlaat,3,19,503,,,,,,,3 RZ FineerPlaat AFQMxB 19mm Int 503 469 19 Fineer eikFineer eikFineer eik Borstellen,False
6,4,Bodem,MDF,4,13,935.5,,,,,,,4 Bodem MDF 13mm BxB 935.5 295 13,False
6,11,Valse,rug,11,13,622,,,,,,,11 Valse rug MDF 13mm BxB 622 467.667 13,False
6,12,L_greep,MDF,12,19,1001.5,,,,,Gannomat,,12 L_greep MDF 19mm AFQMxB 1001.5 97 19 Fineer eikFineer eik Afwerken_GR-Gannomat,False
6,18,L-greep,MDF,18,19,1466,,,,,,,"18 L-greep MDF 19mm AFQMxB 1466 120 19 Fineer eik 1x 70mm breed, 1x 34mm breed",False
6,19,Paslat_Dik,MDF,19,23,2770,,,,,,,19 Paslat_Dik MDF 23mm AFQMxB 2770 100 23 Fineer eikFineer eikFineer eikFineer eik,False
7,20,BB_01,MDF 31mm AFQMxB,387.5,416,31,"Fineer eik
1mm","Fineer eik
1mm",,"Fineer eik
1mm","Achteraf afsjangen, B=20mm overmaat",,"20 BB_01 MDF 31mm AFQMxB 387.5 416 31 Fineer eik
1mm Fineer eik
1mm  Fineer eik
1mm Achteraf afsjangen, B=20mm overmaat",False
7,1,BB_02,MDF 31mm AFQMxB,2641.5,416,31,"Fineer eik
1mm","Fineer eik
1mm","Fineer eik
1mm",,,," BB_02 MDF 31mm AFQMxB 2641.5 416 31 Fineer eik
1mm Fineer eik
1mm Fineer eik
1mm  ",False
7,22,Plank,MDF 31mm BxB,453,313,31,"Fineer eik
1mm","Fineer eik
1mm","Fineer eik
1mm","Fineer eik
1mm",,,"22 Plank MDF 31mm BxB 453 313 31 Fineer eik
1mm Fineer eik
1mm Fineer eik
1mm Fineer eik
1mm ",False
7,3,RG,MDF 5mm BxB,1952,505,5,,,,,,, RG MDF 5mm BxB 1952 505 5     ,False
7,9,RG01,MDF 5mm BxB,1706,476.167,5,,,,,,, RG01 MDF 5mm BxB 1706 476.167 5     ,False
7,30,RG02,MDF 5mm BxB,1706,487.667,5,,,,,,,30 RG02 MDF 5mm BxB 1706 487.667 5     ,False
7,11,RG03,MDF 5mm BxB,1706,476.167,5,,,,,,, RG03 MDF 5mm BxB 1706 476.167 5     ,False
7,20,BB_01,MDF,20,01,31,,,,,,,"20 BB_01 MDF 31mm AFQMxB 387.5 416 31 Fineer eikFineer eik Fineer eik Achteraf afsjangen, B=20mm overmaat",False
7,21,BB_02,MDF,21,02,31,,,,,,,"21 BB_02 MDF 31mm AFQMxB 2641.5 416 31 Fineer eikFineer eikFineer eik Achteraf afsjangen, B=20mm overmaat",False
7,22,Plank,MDF,22,31,453,,,,,,,22 Plank MDF 31mm BxB 453 313 31 Fineer eikFineer eikFineer eikFineer eik,False
7,23,RG,MDF,23,5,1952,,,,,,,23 RG MDF 5mm BxB 1952 505 5,False
7,29,RG01,MDF,29,01,5,,,,,,,29 RG01 MDF 5mm BxB 1706 476.167 5,False
7,30,RG02,MDF,30,02,5,,,,,,,30 RG02 MDF 5mm BxB 1706 487.667 5,False
7,31,RG03,MDF,31,03,5,,,,,,,31 RG03 MDF 5mm BxB 1706 476.167 5,False
11,Schuren,"Accura:
BB_01 en BB_02 na handwerk pas afsjangen
Opus:
- Hoeken recht frezen van zijden (BK_Dressing_02-03-04)
Handwerk:
- BB_01 en BB_02 met elkaar verbinden (achteraf afsjangen)
- 2x L-greep monteren (zie tek)
- Uitsparing in zijden afsjangen (1 kantje) info JW
Glasdeur met smal zwart profiel en helder glas,
zonder onderverdeling",,,,,,,,,,,"Schuren Accura:
BB_01 en BB_02 na handwerk pas afsjangen
Opus:
- Hoeken recht frezen van zijden (BK_Dressing_02-03-04)
Handwerk:
- BB_01 en BB_02 met elkaar verbinden (achteraf afsjangen)
- 2x L-greep monteren (zie tek)
- Uitsparing in zijden afsjangen (1 kantje) info JW
Glasdeur met smal zwart profiel en helder glas,
zonder onderverdeling",False
11,AANV_L,Massief_PM030x30ML,315,30,30,"Gannomat
Massief",,,,,,,"AANV_L Massief_PM030x30ML 315 30 30 Gannomat
Massief    ",False
11,1,AANV_L,Massief_PM030x30ML,1,030,30,,,,,,,1 AANV_L Massief_PM030x30ML 315 30 30,False
12,AFWZ_L,MDF 19mm AFQMxB,2638,396,19,Standaard,,,,,,,"AFWZ_L MDF 19mm AFQMxB 2638 396 19 Standaard Fineer
eik
1mm Fineer
eik
1mm Fineer
eik
1mm Fineer
eik
1mm",False
12,AFWZ_L,MDF 19mm AFQMxB,1750,395,19,Standaard,,,,,,,"AFWZ_L MDF 19mm AFQMxB 1750 395 19 Standaard Fineer
eik
1mm Fineer
eik
1mm Fineer
eik
1mm Fineer
eik
1mm",False
12,AFWZ_R,MDF 19mm AFQMxB,2038,396,19,Standaard,,,,,,,"AFWZ_R MDF 19mm AFQMxB 2038 396 19 Standaard Fineer
eik
1mm Fineer
eik
1mm Fineer
eik
1mm Fineer
eik
1mm",False
12,BB_01,MDF 31mm AFQMxB,387.5,396,31,"Reichenbach
er",,,,,,,"BB_01 MDF 31mm AFQMxB 387.5 396 31 Reichenbach
er Fineer
eik
1mm Fineer
eik
1mm  Fineer
eik
1mm",False
12,1,AFWZ_L,MDF,1,19,2638,,,,,Standaard,,1 AFWZ_L MDF 19mm AFQMxB 2638 396 19 Standaard eik eik eik eik L+B=20mm overmaat,False
12,1,AFWZ_R,MDF,1,19,2038,,,,,Standaard,,1 AFWZ_R MDF 19mm AFQMxB 2038 396 19 Standaard eik eik eik eik L+B=20mm overmaat,False
12,1,BB_01,MDF,1,01,31,,,,,,,"1 BB_01 MDF 31mm AFQMxB 387.5 396 31 eik eik eik Achteraf afsjangen, B=20mm overmaat",False
13,2,BB_02,MDF 31mm AFQMxB,2641.5,396,31,"Reichenbach
er","Fineer
eik
1mm","Fineer
eik
1mm","Fineer
eik
1mm",,,"2 BB_02 MDF 31mm AFQMxB 2641.5 396 31 Reichenbach
er Fineer
eik
1mm Fineer
eik
1mm Fineer
eik
1mm  Achteraf afsjangen, B=20mm overmaat",False
13,AFWZ_R,MDF 19mm AFQMxB,569,396,19,Standaard,,,,,,,"AFWZ_R MDF 19mm AFQMxB 569 396 19 Standaard Fineer
eik
1mm Fineer
eik
1mm Fineer
eik
1mm Fineer
eik
1mm",False
13,0,LZ,"FineerPlaat AFQMxB
19mm Int bloom",503,469,19,"Reichenbach
er","Fineer
eik
1mm",,"Fineer
eik
1mm","Fineer
eik
1mm",," LZ FineerPlaat AFQMxB
19mm Int bloom 503 469 19 Reichenbach
er Fineer
eik
1mm  Fineer
eik
1mm Fineer
eik
1mm ",False
13,2,OC,"FineerPlaat AFQMxB
19mm Int bloom",1000,469,19,"Reichenbach
er",,,,,,"2 OC FineerPlaat AFQMxB
19mm Int bloom 1000 469 19 Reichenbach
er     ",False
13,2,RZ,"FineerPlaat AFQMxB
19mm Int bloom",503,469,19,"Reichenbach
er",,"Fineer
eik
1mm","Fineer
eik
1mm","Fineer
eik
1mm",," RZ FineerPlaat AFQMxB
19mm Int bloom 503 469 19 Reichenbach
er  Fineer
eik
1mm Fineer
eik
1mm Fineer
eik
1mm ",False
13,4,BC,HSP 19mm BxB,987,446,19,Standaard,"Fineer
eik
1mm","Fineer
eik
1mm","Fineer
eik
1mm","Fineer
eik
1mm",,"4 BC HSP 19mm BxB 987 446 19 Standaard Fineer
eik
1mm Fineer
eik
1mm Fineer
eik
1mm Fineer
eik
1mm ",False
13,4,BB,MDF 19mm AFQMxB,1000,469,19,Standaard,"Fineer
eik
1mm","Fineer
eik
1mm","Fineer
eik
1mm","Fineer
eik
1mm",," BB MDF 19mm AFQMxB 1000 469 19 Standaard Fineer
eik
1mm Fineer
eik
1mm Fineer
eik
1mm Fineer
eik
1mm ",False
13,6,LF_01,MDF 19mm AFQMxB,981,250,19,Standaard,"Fineer
eik
1mm","Fineer
eik
1mm","Fineer
eik
1mm","Fineer
eik
1mm",,"6 LF_01 MDF 19mm AFQMxB 981 250 19 Standaard Fineer
eik
1mm Fineer
eik
1mm Fineer
eik
1mm Fineer
eik
1mm Borstellen",False
13,6,LF_02,MDF 19mm AFQMxB,981,250,19,Standaard,"Fineer
eik
1mm","Fineer
eik
1mm","Fineer
eik
1mm","Fineer
eik
1mm",," LF_02 MDF 19mm AFQMxB 981 250 19 Standaard Fineer
eik
1mm Fineer
eik
1mm Fineer
eik
1mm Fineer
eik
1mm ",False
13,8,RG,MDF 5mm BxB,975,491,5,"Reichenbach
er",,,,,,"8 RG MDF 5mm BxB 975 491 5 Reichenbach
er     ",False
13,0,Glasdeur,Dummy 21mm Glasdeur,1962,375,21,Te bestellen,Dummy,Dummy,Dummy,Dummy,, Glasdeur Dummy 21mm Glasdeur 1962 375 21 Te bestellen Dummy Dummy Dummy Dummy ,True
13,2,BB_02,MDF,2,02,31,,,,,,,"2 BB_02 MDF 31mm AFQMxB 2641.5 396 31 eik eik eik Achteraf afsjangen, B=20mm overmaat",False
13,1,AFWZ_R,MDF,1,19,569,,,,,Standaard,,1 AFWZ_R MDF 19mm AFQMxB 569 396 19 Standaard eik eik eik eik L+B=20mm overmaat,False
13,1,LZ,,1,503,469,,,,,,,1 LZ 503 469 19 eik eik eik Borstellen,False
13,2,OC,,2,1000,469,,,,,,,2 OC 1000 469 19,False
13,3,RZ,,3,503,469,,,,,,,3 RZ 503 469 19 eik eik eik Borstellen,False
13,4,BC,HSP,4,19,987,,,,,Standaard,,4 BC HSP 19mm BxB 987 446 19 Standaard eik eik eik eik,False
13,5,BB,MDF,5,19,1000,,,,,Standaard,,5 BB MDF 19mm AFQMxB 1000 469 19 Standaard eik eik eik eik Borstellen,False
13,6,LF_01,MDF,6,01,19,,,,,Standaard,,6 LF_01 MDF 19mm AFQMxB 981 250 19 Standaard eik eik eik eik Borstellen,False
13,7,LF_02,MDF,7,02,19,,,,,Standaard,,7 LF_02 MDF 19mm AFQMxB 981 250 19 Standaard eik eik eik eik Borstellen,False
13,8,RG,MDF,8,5,975,,,,,,,8 RG MDF 5mm BxB 975 491 5,False
13,1,Glasdeur,Dummy,1,21,1962,,,,,Te bestellen,,1 Glasdeur Dummy 21mm Glasdeur 1962 375 21 Te bestellenDummy Dummy Dummy Dummy,True
14,0,LZ,HSP 19mm BxB,1978,374,19,Standaard,"Fineer
eik
1mm","Fineer
eik
1mm","Fineer
eik
1mm","Fineer
eik
1mm",," LZ HSP 19mm BxB 1978 374 19 Standaard Fineer
eik
1mm Fineer
eik
1mm Fineer
eik
1mm Fineer
eik
1mm ",False
14,4,OC,HSP 19mm BxB,340,374,19,Standaard,"Fineer
eik
1mm","Fineer
eik
1mm",,,,"4 OC HSP 19mm BxB 340 374 19 Standaard Fineer
eik
1mm Fineer
eik
1mm   ",False
14,2,RZ,HSP 19mm BxB,1978,374,19,Standaard,"Fineer
eik
1mm","Fineer
eik
1mm","Fineer
eik
1mm","Fineer
eik
1mm",," RZ HSP 19mm BxB 1978 374 19 Standaard Fineer
eik
1mm Fineer
eik
1mm Fineer
eik
1mm Fineer
eik
1mm ",False
14,6,VL01,HSP 19mm BxB,340,337,19,Standaard,"Fineer
eik
1mm","Fineer
eik
1mm",,,,"6 VL01 HSP 19mm BxB 340 337 19 Standaard Fineer
eik
1mm Fineer
eik
1mm   ",False
14,4,VL02,HSP 19mm BxB,340,337,19,Standaard,"Fineer
eik
1mm","Fineer
eik
1mm",,,," VL02 HSP 19mm BxB 340 337 19 Standaard Fineer
eik
1mm Fineer
eik
1mm   ",False
14,8,VL03,HSP 19mm BxB,340,337,19,Standaard,"Fineer
eik
1mm","Fineer
eik
1mm",,,,"8 VL03 HSP 19mm BxB 340 337 19 Standaard Fineer
eik
1mm Fineer
eik
1mm   ",False
14,6,VL04,HSP 19mm BxB,340,337,19,Standaard,"Fineer
eik
1mm","Fineer
eik
1mm",,,," VL04 HSP 19mm BxB 340 337 19 Standaard Fineer
eik
1mm Fineer
eik
1mm   ",False
14,10,RG,MDF 5mm BxB,1950,350,5,"Reichenbach
er",,,,,,"10 RG MDF 5mm BxB 1950 350 5 Reichenbach
er     ",False
14,0,Glasdeur,Dummy 21mm Glasdeur,1100,484.667,21,Te bestellen,Dummy,Dummy,Dummy,Dummy,, Glasdeur Dummy 21mm Glasdeur 1100 484.667 21 Te bestellen Dummy Dummy Dummy Dummy ,True
14,2,BC,HSP 19mm BxB,1428,374,19,Standaard,"Fineer
eik
1mm","Fineer
eik
1mm",,,,"2 BC HSP 19mm BxB 1428 374 19 Standaard Fineer
eik
1mm Fineer
eik
1mm   ",False
14,2,LL01,HSP 19mm BxB,458.667,330,19,Standaard,"Fineer
eik
1mm","Fineer
eik
1mm","Fineer
eik
1mm","Fineer
eik
1mm",," LL01 HSP 19mm BxB 458.667 330 19 Standaard Fineer
eik
1mm Fineer
eik
1mm Fineer
eik
1mm Fineer
eik
1mm ",False
14,4,LL02,HSP 19mm BxB,458.667,330,19,Standaard,"Fineer
eik
1mm","Fineer
eik
1mm","Fineer
eik
1mm","Fineer
eik
1mm",,"4 LL02 HSP 19mm BxB 458.667 330 19 Standaard Fineer
eik
1mm Fineer
eik
1mm Fineer
eik
1mm Fineer
eik
1mm ",False
14,4,LL03,HSP 19mm BxB,458.667,330,19,Standaard,"Fineer
eik
1mm","Fineer
eik
1mm","Fineer
eik
1mm","Fineer
eik
1mm",," LL03 HSP 19mm BxB 458.667 330 19 Standaard Fineer
eik
1mm Fineer
eik
1mm Fineer
eik
1mm Fineer
eik
1mm ",False
14,6,LL04,HSP 19mm BxB,466.667,237,19,Standaard,"Fineer
eik
1mm","Fineer
eik
1mm","Fineer
eik
1mm","Fineer
eik
1mm",,"6 LL04 HSP 19mm BxB 466.667 237 19 Standaard Fineer
eik
1mm Fineer
eik
1mm Fineer
eik
1mm Fineer
eik
1mm ",False
14,6,LL05,HSP 19mm BxB,458.667,330,19,Standaard,"Fineer
eik
1mm","Fineer
eik
1mm","Fineer
eik
1mm","Fineer
eik
1mm",," LL05 HSP 19mm BxB 458.667 330 19 Standaard Fineer
eik
1mm Fineer
eik
1mm Fineer
eik
1mm Fineer
eik
1mm ",False
14,8,LL06,HSP 19mm BxB,458.667,330,19,Standaard,"Fineer
eik
1mm","Fineer
eik
1mm","Fineer
eik
1mm","Fineer
eik
1mm",,"8 LL06 HSP 19mm BxB 458.667 330 19 Standaard Fineer
eik
1mm Fineer
eik
1mm Fineer
eik
1mm Fineer
eik
1mm ",False
14,8,LL07,HSP 19mm BxB,458.667,330,19,Standaard,"Fineer
eik
1mm","Fineer
eik
1mm","Fineer
eik
1mm","Fineer
eik
1mm",," LL07 HSP 19mm BxB 458.667 330 19 Standaard Fineer
eik
1mm Fineer
eik
1mm Fineer
eik
1mm Fineer
eik
1mm ",False
14,3,LZ,HSP,3,19,1978,,,,,Standaard,,3 LZ HSP 19mm BxB 1978 374 19 Standaard eik eik eik eik,False
14,4,OC,HSP,4,19,340,,,,,Standaard,,4 OC HSP 19mm BxB 340 374 19 Standaard eik eik,False
14,5,RZ,HSP,5,19,1978,,,,,Standaard,,5 RZ HSP 19mm BxB 1978 374 19 Standaard eik eik eik eik,False
14,6,VL01,HSP,6,01,19,,,,,Standaard,,6 VL01 HSP 19mm BxB 340 337 19 Standaard eik eik,False
14,7,VL02,HSP,7,02,19,,,,,Standaard,,7 VL02 HSP 19mm BxB 340 337 19 Standaard eik eik,False
14,8,VL03,HSP,8,03,19,,,,,Standaard,,8 VL03 HSP 19mm BxB 340 337 19 Standaard eik eik,False
14,9,VL04,HSP,9,04,19,,,,,Standaard,,9 VL04 HSP 19mm BxB 340 337 19 Standaard eik eik,False
14,10,RG,MDF,10,5,1950,,,,,,,10 RG MDF 5mm BxB 1950 350 5,False
14,1,Glasdeur,Dummy,1,21,1100,,,,,Te bestellen,,1 Glasdeur Dummy 21mm Glasdeur 1100 484.667 21 Te bestellenDummy Dummy Dummy Dummy,True
14,2,BC,HSP,2,19,1428,,,,,Standaard,,2 BC HSP 19mm BxB 1428 374 19 Standaard eik eik,False
14,3,LL01,HSP,3,01,19,,,,,Standaard,,3 LL01 HSP 19mm BxB 458.667 330 19 Standaard eik eik eik eik,False
14,4,LL02,HSP,4,02,19,,,,,Standaard,,4 LL02 HSP 19mm BxB 458.667 330 19 Standaard eik eik eik eik,False
14,5,LL03,HSP,5,03,19,,,,,Standaard,,5 LL03 HSP 19mm BxB 458.667 330 19 Standaard eik eik eik eik,False
14,6,LL04,HSP,6,04,19,,,,,Standaard,,6 LL04 HSP 19mm BxB 466.667 237 19 Standaard eik eik eik eik,False
14,7,LL05,HSP,7,05,19,,,,,Standaard,,7 LL05 HSP 19mm BxB 458.667 330 19 Standaard eik eik eik eik,False
14,8,LL06,HSP,8,06,19,,,,,Standaard,,8 LL06 HSP 19mm BxB 458.667 330 19 Standaard eik eik eik eik,False
14,9,LL07,HSP,9,07,19,,,,,Standaard,,9 LL07 HSP 19mm BxB 458.667 330 19 Standaard eik eik eik eik,False
15,12,RZ,HSP 19mm BxB,1745,375,19,Standaard,"Fineer
eik
1mm","Fineer
eik
1mm","Fineer
eik
1mm","Fineer
eik
1mm",,"12 RZ HSP 19mm BxB 1745 375 19 Standaard Fineer
eik
1mm Fineer
eik
1mm Fineer
eik
1mm Fineer
eik
1mm Hoek recht frezen, met de hand afsjangen",False
15,1,TZ_01,HSP 19mm BxB,1694,339,19,Standaard,,"Fineer
eik
1mm",,,," TZ_01 HSP 19mm BxB 1694 339 19 Standaard  Fineer
eik
1mm   ",False
15,14,TZ_02,HSP 19mm BxB,1694,339,19,Standaard,"Fineer
eik
1mm",,,,,"14 TZ_02 HSP 19mm BxB 1694 339 19 Standaard Fineer
eik
1mm    Hoek recht frezen, met de hand afsjangen",False
15,3,VL01,HSP 19mm BxB,460.667,339,19,Standaard,"Fineer
eik
1mm","Fineer
eik
1mm",,,," VL01 HSP 19mm BxB 460.667 339 19 Standaard Fineer
eik
1mm Fineer
eik
1mm   ",False
15,16,VL02,HSP 19mm BxB,468.667,339,19,Standaard,"Fineer
eik
1mm","Fineer
eik
1mm",,,,"16 VL02 HSP 19mm BxB 468.667 339 19 Standaard Fineer
eik
1mm Fineer
eik
1mm   ",False
15,5,VL03,HSP 19mm BxB,460.667,339,19,Standaard,"Fineer
eik
1mm","Fineer
eik
1mm",,,," VL03 HSP 19mm BxB 460.667 339 19 Standaard Fineer
eik
1mm Fineer
eik
1mm   ",False
15,18,VL04,HSP 19mm BxB,468.667,330,19,Standaard,"Fineer
eik
1mm","Fineer
eik
1mm",,,,"18 VL04 HSP 19mm BxB 468.667 330 19 Standaard Fineer
eik
1mm Fineer
eik
1mm   ",False
15,7,VL05,HSP 19mm BxB,468.667,330,19,Standaard,"Fineer
eik
1mm","Fineer
eik
1mm",,,," VL05 HSP 19mm BxB 468.667 330 19 Standaard Fineer
eik
1mm Fineer
eik
1mm   ",False
15,20,Plint Dressing A,Massief_PM018x18PD,1428,18,18,"Gannomat
Massief",,,,,,"20 Plint Dressing A Massief_PM018x18PD 1428 18 18 Gannomat
Massief     ",False
15,9,Plint Dressing V,Massief_PM018x18PD,1428,18,18,"Gannomat
Massief",,,,,," Plint Dressing V Massief_PM018x18PD 1428 18 18 Gannomat
Massief     ",False
15,22,DR_L01,MDF 19mm AFQMxB,1100,484.667,19,Standaard,"Fineer
eik
1mm","Fineer
eik
1mm","Fineer
eik
1mm","Fineer
eik
1mm",,"22 DR_L01 MDF 19mm AFQMxB 1100 484.667 19 Standaard Fineer
eik
1mm Fineer
eik
1mm Fineer
eik
1mm Fineer
eik
1mm ",False
15,11,DR_L02,MDF 19mm AFQMxB,599,484.667,19,Standaard,"Fineer
eik
1mm","Fineer
eik
1mm","Fineer
eik
1mm","Fineer
eik
1mm",," DR_L02 MDF 19mm AFQMxB 599 484.667 19 Standaard Fineer
eik
1mm Fineer
eik
1mm Fineer
eik
1mm Fineer
eik
1mm ",False
15,24,DR_R03,MDF 19mm AFQMxB,599,484.667,19,Standaard,"Fineer
eik
1mm","Fineer
eik
1mm","Fineer
eik
1mm","Fineer
eik
1mm",,"24 DR_R03 MDF 19mm AFQMxB 599 484.667 19 Standaard Fineer
eik
1mm Fineer
eik
1mm Fineer
eik
1mm Fineer
eik
1mm ",False
15,13,DR_R04,MDF 19mm AFQMxB,1100,484.667,19,Standaard,"Fineer
eik
1mm","Fineer
eik
1mm","Fineer
eik
1mm","Fineer
eik
1mm",," DR_R04 MDF 19mm AFQMxB 1100 484.667 19 Standaard Fineer
eik
1mm Fineer
eik
1mm Fineer
eik
1mm Fineer
eik
1mm ",False
15,26,DR_R05,MDF 19mm AFQMxB,599,484.667,19,Standaard,"Fineer
eik
1mm","Fineer
eik
1mm","Fineer
eik
1mm","Fineer
eik
1mm",,"26 DR_R05 MDF 19mm AFQMxB 599 484.667 19 Standaard Fineer
eik
1mm Fineer
eik
1mm Fineer
eik
1mm Fineer
eik
1mm ",False
15,15,RG01,MDF 5mm BxB,1706,476.167,5,"Reichenbach
er",,,,,," RG01 MDF 5mm BxB 1706 476.167 5 Reichenbach
er     ",False
15,28,RG02,MDF 5mm BxB,1706,487.667,5,"Reichenbach
er",,,,,,"28 RG02 MDF 5mm BxB 1706 487.667 5 Reichenbach
er     ",False
15,17,RG03,MDF 5mm BxB,1706,476.167,5,"Reichenbach
er",,,,,," RG03 MDF 5mm BxB 1706 476.167 5 Reichenbach
er     ",False
15,BC,HSP 19mm BxB,493,375,19,Standaard,,,,,,,"BC HSP 19mm BxB 493 375 19 Standaard Fineer
eik
1mm Fineer
eik
1mm  ",False
15,12,RZ,HSP,12,19,1745,,,,,Standaard,,"12 RZ HSP 19mm BxB 1745 375 19 Standaard eik eik eik eik Hoek recht frezen, met de hand afsjangen",False
15,13,TZ_01,HSP,13,01,19,,,,,Standaard,,"13 TZ_01 HSP 19mm BxB 1694 339 19 Standaard eik Hoek recht frezen, met de hand afsjangen",False
15,14,TZ_02,HSP,14,02,19,,,,,Standaard,,"14 TZ_02 HSP 19mm BxB 1694 339 19 Standaard eik Hoek recht frezen, met de hand afsjangen",False
15,15,VL01,HSP,15,01,19,,,,,Standaard,,15 VL01 HSP 19mm BxB 460.667 339 19 Standaard eik eik,False
15,16,VL02,HSP,16,02,19,,,,,Standaard,,16 VL02 HSP 19mm BxB 468.667 339 19 Standaard eik eik,False
15,17,VL03,HSP,17,03,19,,,,,Standaard,,17 VL03 HSP 19mm BxB 460.667 339 19 Standaard eik eik,False
15,18,VL04,HSP,18,04,19,,,,,Standaard,,18 VL04 HSP 19mm BxB 468.667 330 19 Standaard eik eik,False
15,19,VL05,HSP,19,05,19,,,,,Standaard,,19 VL05 HSP 19mm BxB 468.667 330 19 Standaard eik eik,False
15,20,Plint,Dressing,20,018,18,,,,,,,20 Plint Dressing A Massief_PM018x18PD 1428 18 18,False
15,22,DR_L01,MDF,22,01,19,,,,,Standaard,,22 DR_L01 MDF 19mm AFQMxB 1100 484.667 19 Standaard eik eik eik eik,False
15,23,DR_L02,MDF,23,02,19,,,,,Standaard,,23 DR_L02 MDF 19mm AFQMxB 599 484.667 19 Standaard eik eik eik eik,False
15,24,DR_R03,MDF,24,03,19,,,,,Standaard,,24 DR_R03 MDF 19mm AFQMxB 599 484.667 19 Standaard eik eik eik eik,False
15,25,DR_R04,MDF,25,04,19,,,,,Standaard,,25 DR_R04 MDF 19mm AFQMxB 1100 484.667 19 Standaard eik eik eik eik,False
15,26,DR_R05,MDF,26,05,19,,,,,Standaard,,26 DR_R05 MDF 19mm AFQMxB 599 484.667 19 Standaard eik eik eik eik,False
15,27,RG01,MDF,27,01,5,,,,,,,27 RG01 MDF 5mm BxB 1706 476.167 5,False
15,28,RG02,MDF,28,02,5,,,,,,,28 RG02 MDF 5mm BxB 1706 487.667 5,False
15,29,RG03,MDF,29,03,5,,,,,,,29 RG03 MDF 5mm BxB 1706 476.167 5,False
15,1,BC,HSP,1,19,493,,,,,Standaard,,1 BC HSP 19mm BxB 493 375 19 Standaard eik eik,False
16,2,LL01,HSP 19mm BxB,491,331,19,Standaard,"Fineer
eik
1mm","Fineer
eik
1mm","Fineer
eik
1mm","Fineer
eik
1mm",,"2 LL01 HSP 19mm BxB 491 331 19 Standaard Fineer
eik
1mm Fineer
eik
1mm Fineer
eik
1mm Fineer
eik
1mm ",False
16,1,LL02,HSP 19mm BxB,491,331,19,Standaard,"Fineer
eik
1mm","Fineer
eik
1mm","Fineer
eik
1mm","Fineer
eik
1mm",," LL02 HSP 19mm BxB 491 331 19 Standaard Fineer
eik
1mm Fineer
eik
1mm Fineer
eik
1mm Fineer
eik
1mm ",False
16,4,LL03,HSP 19mm BxB,491,331,19,Standaard,"Fineer
eik
1mm","Fineer
eik
1mm","Fineer
eik
1mm","Fineer
eik
1mm",,"4 LL03 HSP 19mm BxB 491 331 19 Standaard Fineer
eik
1mm Fineer
eik
1mm Fineer
eik
1mm Fineer
eik
1mm ",False
16,3,LZ,HSP 19mm BxB,2573,376,19,Standaard,"Fineer
eik
1mm","Fineer
eik
1mm","Fineer
eik
1mm","Fineer
eik
1mm",," LZ HSP 19mm BxB 2573 376 19 Standaard Fineer
eik
1mm Fineer
eik
1mm Fineer
eik
1mm Fineer
eik
1mm ",False
16,6,OC,HSP 19mm BxB,493,355,19,Standaard,"Fineer
eik
1mm","Fineer
eik
1mm",,,,"6 OC HSP 19mm BxB 493 355 19 Standaard Fineer
eik
1mm Fineer
eik
1mm   ",False
16,5,RZ,HSP 19mm BxB,2573,376,19,Standaard,"Fineer
eik
1mm","Fineer
eik
1mm","Fineer
eik
1mm","Fineer
eik
1mm",," RZ HSP 19mm BxB 2573 376 19 Standaard Fineer
eik
1mm Fineer
eik
1mm Fineer
eik
1mm Fineer
eik
1mm ",False
16,8,VL01,HSP 19mm BxB,493,331,19,Standaard,"Fineer
eik
1mm",,,,,"8 VL01 HSP 19mm BxB 493 331 19 Standaard Fineer
eik
1mm    ",False
16,7,VL02,HSP 19mm BxB,493,375,19,Standaard,"Fineer
eik
1mm","Fineer
eik
1mm",,,," VL02 HSP 19mm BxB 493 375 19 Standaard Fineer
eik
1mm Fineer
eik
1mm   ",False
16,10,Plint Dressing A,Massief_PM018x18PD,493,18,18,"Gannomat
Massief",,,,,,"10 Plint Dressing A Massief_PM018x18PD 493 18 18 Gannomat
Massief     ",False
16,9,Plint Dressing V,Massief_PM018x18PD,493,18,18,"Gannomat
Massief",,,,,," Plint Dressing V Massief_PM018x18PD 493 18 18 Gannomat
Massief     ",False
16,12,DR_L01,MDF 19mm AFQMxB,2545,525,19,Standaard,"Fineer
eik
1mm","Fineer
eik
1mm","Fineer
eik
1mm","Fineer
eik
1mm",,"12 DR_L01 MDF 19mm AFQMxB 2545 525 19 Standaard Fineer
eik
1mm Fineer
eik
1mm Fineer
eik
1mm Fineer
eik
1mm ",False
16,11,RG,MDF 5mm BxB,1952,505,5,"Reichenbach
er",,,,,," RG MDF 5mm BxB 1952 505 5 Reichenbach
er     ",False
16,0,BC,HSP 19mm BxB,963.5,337,19,Standaard,"Fineer
eik
1mm","Fineer
eik
1mm",,,," BC HSP 19mm BxB 963.5 337 19 Standaard Fineer
eik
1mm Fineer
eik
1mm   ",False
16,4,VL,HSP 19mm BxB,963.5,375,19,Standaard,"Fineer
eik
1mm","Fineer
eik
1mm",,,," VL HSP 19mm BxB 963.5 375 19 Standaard Fineer
eik
1mm Fineer
eik
1mm   ",False
16,2,LL01,HSP,2,01,19,,,,,Standaard,,2 LL01 HSP 19mm BxB 491 331 19 Standaard eik eik eik eik,False
16,3,LL02,HSP,3,02,19,,,,,Standaard,,3 LL02 HSP 19mm BxB 491 331 19 Standaard eik eik eik eik,False
16,4,LL03,HSP,4,03,19,,,,,Standaard,,4 LL03 HSP 19mm BxB 491 331 19 Standaard eik eik eik eik,False
16,5,LZ,HSP,5,19,2573,,,,,Standaard,,5 LZ HSP 19mm BxB 2573 376 19 Standaard eik eik eik eik,False
16,6,OC,HSP,6,19,493,,,,,Standaard,,6 OC HSP 19mm BxB 493 355 19 Standaard eik eik,False
16,7,RZ,HSP,7,19,2573,,,,,Standaard,,7 RZ HSP 19mm BxB 2573 376 19 Standaard eik eik eik eik,False
16,8,VL01,HSP,8,01,19,,,,,Standaard,,8 VL01 HSP 19mm BxB 493 331 19 Standaard eik,False
16,9,VL02,HSP,9,02,19,,,,,Standaard,,9 VL02 HSP 19mm BxB 493 375 19 Standaard eik eik,False
16,10,Plint,Dressing,10,018,18,,,,,,,10 Plint Dressing A Massief_PM018x18PD 493 18 18,False
16,12,DR_L01,MDF,12,01,19,,,,,Standaard,,12 DR_L01 MDF 19mm AFQMxB 2545 525 19 Standaard eik eik eik eik,False
16,13,RG,MDF,13,5,1952,,,,,,,13 RG MDF 5mm BxB 1952 505 5,False
16,1,BC,HSP,1,19,963.5,,,,,Standaard,,1 BC HSP 19mm BxB 963.5 337 19 Standaard eik eik,False
16,5,VL,HSP,5,19,963.5,,,,,Standaard,,5 VL HSP 19mm BxB 963.5 375 19 Standaard eik eik,False
17,8,LF_01,MDF 19mm AFQMxB,1000,243.5,19,Standaard,"Fineer
eik
1mm","Fineer
eik
1mm","Fineer
eik
1mm","Fineer
eik
1mm",,"8 LF_01 MDF 19mm AFQMxB 1000 243.5 19 Standaard Fineer
eik
1mm Fineer
eik
1mm Fineer
eik
1mm Fineer
eik
1mm ",False
17,1,LF_02,MDF 19mm AFQMxB,1000,243.5,19,Standaard,"Fineer
eik
1mm","Fineer
eik
1mm","Fineer
eik
1mm","Fineer
eik
1mm",," LF_02 MDF 19mm AFQMxB 1000 243.5 19 Standaard Fineer
eik
1mm Fineer
eik
1mm Fineer
eik
1mm Fineer
eik
1mm ",False
17,10,RG,MDF 5mm BxB,975.5,248.5,5,"Reichenbach
er",,,,,,"10 RG MDF 5mm BxB 975.5 248.5 5 Reichenbach
er     ",False
17,0,BC,HSP 19mm BxB,965,337,19,Standaard,"Fineer
eik
1mm","Fineer
eik
1mm",,,," BC HSP 19mm BxB 965 337 19 Standaard Fineer
eik
1mm Fineer
eik
1mm   ",False
17,2,LZ,HSP 19mm BxB,564,376,19,Standaard,"Fineer
eik
1mm","Fineer
eik
1mm","Fineer
eik
1mm","Fineer
eik
1mm",,"2 LZ HSP 19mm BxB 564 376 19 Standaard Fineer
eik
1mm Fineer
eik
1mm Fineer
eik
1mm Fineer
eik
1mm Hoeken recht frezen, met de hand afsjangen",False
17,2,OC,HSP 19mm BxB,965,355,19,Standaard,"Fineer
eik
1mm","Fineer
eik
1mm",,,," OC HSP 19mm BxB 965 355 19 Standaard Fineer
eik
1mm Fineer
eik
1mm   ",False
17,4,RZ,HSP 19mm BxB,564,376,19,Standaard,"Fineer
eik
1mm","Fineer
eik
1mm","Fineer
eik
1mm","Fineer
eik
1mm",,"4 RZ HSP 19mm BxB 564 376 19 Standaard Fineer
eik
1mm Fineer
eik
1mm Fineer
eik
1mm Fineer
eik
1mm Hoeken recht frezen, met de hand afsjangen",False
17,4,VL,HSP 19mm BxB,965,310,19,Standaard,"Fineer
eik
1mm","Fineer
eik
1mm",,,," VL HSP 19mm BxB 965 310 19 Standaard Fineer
eik
1mm Fineer
eik
1mm   ",False
17,6,Plint Dressing A,Massief_PM018x18PD,965,18,18,"Gannomat
Massief",,,,,,"6 Plint Dressing A Massief_PM018x18PD 965 18 18 Gannomat
Massief     ",False
17,6,Plint Dressing V,Massief_PM018x18PD,965,18,18,"Gannomat
Massief",,,,,," Plint Dressing V Massief_PM018x18PD 965 18 18 Gannomat
Massief     ",False
17,8,LF_03,MDF 19mm AFQMxB,1000,243.5,19,Standaard,"Fineer
eik
1mm","Fineer
eik
1mm","Fineer
eik
1mm","Fineer
eik
1mm",,"8 LF_03 MDF 19mm AFQMxB 1000 243.5 19 Standaard Fineer
eik
1mm Fineer
eik
1mm Fineer
eik
1mm Fineer
eik
1mm ",False
17,8,Valklep,MDF 19mm AFQMxB,1000,243.5,19,Standaard,"Fineer
eik
1mm","Fineer
eik
1mm","Fineer
eik
1mm","Fineer
eik
1mm",," Valklep MDF 19mm AFQMxB 1000 243.5 19 Standaard Fineer
eik
1mm Fineer
eik
1mm Fineer
eik
1mm Fineer
eik
1mm ",False
17,8,LF_01,MDF,8,01,19,,,,,Standaard,,8 LF_01 MDF 19mm AFQMxB 1000 243.5 19 Standaard eik eik eik eik,False
17,9,LF_02,MDF,9,02,19,,,,,Standaard,,9 LF_02 MDF 19mm AFQMxB 1000 243.5 19 Standaard eik eik eik eik,False
17,10,RG,MDF,10,5,975.5,,,,,,,10 RG MDF 5mm BxB 975.5 248.5 5,False
17,1,BC,HSP,1,19,965,,,,,Standaard,,1 BC HSP 19mm BxB 965 337 19 Standaard eik eik,False
17,2,LZ,HSP,2,19,564,,,,,Standaard,,"2 LZ HSP 19mm BxB 564 376 19 Standaard eik eik eik eik Hoeken recht frezen, met de hand afsjangen",False
17,3,OC,HSP,3,19,965,,,,,Standaard,,3 OC HSP 19mm BxB 965 355 19 Standaard eik eik,False
17,4,RZ,HSP,4,19,564,,,,,Standaard,,"4 RZ HSP 19mm BxB 564 376 19 Standaard eik eik eik eik Hoeken recht frezen, met de hand afsjangen",False
17,5,VL,HSP,5,19,965,,,,,Standaard,,5 VL HSP 19mm BxB 965 310 19 Standaard eik eik,False
17,6,Plint,Dressing,6,018,18,,,,,,,6 Plint Dressing A Massief_PM018x18PD 965 18 18,False
17,8,LF_03,MDF,8,03,19,,,,,Standaard,,8 LF_03 MDF 19mm AFQMxB 1000 243.5 19 Standaard eik eik eik eik,False
17,9,Valklep,MDF,9,19,1000,,,,,Standaard,,9 Valklep MDF 19mm AFQMxB 1000 243.5 19 Standaard eik eik eik eik,False
18,0,OC,HSP 19mm BxB,966.5,355,19,Standaard,"Fineer
eik
1mm","Fineer
eik
1mm",,,," OC HSP 19mm BxB 966.5 355 19 Standaard Fineer
eik
1mm Fineer
eik
1mm   ",False
18,4,RZ,HSP 19mm BxB,564,376,19,Standaard,"Fineer
eik
1mm","Fineer
eik
1mm","Fineer
eik
1mm","Fineer
eik
1mm",,"4 RZ HSP 19mm BxB 564 376 19 Standaard Fineer
eik
1mm Fineer
eik
1mm Fineer
eik
1mm Fineer
eik
1mm Hoeken recht frezen, met de hand afsjangen",False
18,2,VL,HSP 19mm BxB,966.5,340,19,Standaard,,"Fineer
eik
1mm",,,," VL HSP 19mm BxB 966.5 340 19 Standaard  Fineer
eik
1mm   ",False
18,6,Plint Dressing A,Massief_PM018x18PD,966.5,18,18,"Gannomat
Massief",,,,,,"6 Plint Dressing A Massief_PM018x18PD 966.5 18 18 Gannomat
Massief     ",False
18,4,Plint Dressing V,Massief_PM018x18PD,966.5,18,18,"Gannomat
Massief",,,,,," Plint Dressing V Massief_PM018x18PD 966.5 18 18 Gannomat
Massief     ",False
18,8,LF_04,MDF 19mm AFQMxB,1000,243.5,19,Standaard,"Fineer
eik
1mm","Fineer
eik
1mm","Fineer
eik
1mm","Fineer
eik
1mm",,"8 LF_04 MDF 19mm AFQMxB 1000 243.5 19 Standaard Fineer
eik
1mm Fineer
eik
1mm Fineer
eik
1mm Fineer
eik
1mm ",False
18,6,LF_05,MDF 19mm AFQMxB,1000,243.5,19,Standaard,"Fineer
eik
1mm","Fineer
eik
1mm","Fineer
eik
1mm","Fineer
eik
1mm",," LF_05 MDF 19mm AFQMxB 1000 243.5 19 Standaard Fineer
eik
1mm Fineer
eik
1mm Fineer
eik
1mm Fineer
eik
1mm ",False
18,10,RG,MDF 5mm BxB,978.5,525,5,"Reichenbach
er",,,,,,"10 RG MDF 5mm BxB 978.5 525 5 Reichenbach
er     ",False
18,Plank,MDF 31mm BxB,453,313,31,"Reichenbach
er",,,,,,,"Plank MDF 31mm BxB 453 313 31 Reichenbach
er Fineer
eik
1mm Fineer
eik
1mm Fineer
eik
1mm Fineer
eik
1mm",False
18,Rondel tv steun,BRUT MDF 18MM,60,60,18,Te bestellen,,,,,,,Rondel tv steun BRUT MDF 18MM 60 60 18 Te bestellen    ,True
18,3,OC,HSP,3,19,966.5,,,,,Standaard,,3 OC HSP 19mm BxB 966.5 355 19 Standaard eik eik,False
18,4,RZ,HSP,4,19,564,,,,,Standaard,,"4 RZ HSP 19mm BxB 564 376 19 Standaard eik eik eik eik Hoeken recht frezen, met de hand afsjangen",False
18,5,VL,HSP,5,19,966.5,,,,,Standaard,,5 VL HSP 19mm BxB 966.5 340 19 Standaard eik,False
18,6,Plint,Dressing,6,018,18,,,,,,,6 Plint Dressing A Massief_PM018x18PD 966.5 18 18,False
18,8,LF_04,MDF,8,04,19,,,,,Standaard,,8 LF_04 MDF 19mm AFQMxB 1000 243.5 19 Standaard eik eik eik eik,False
18,9,LF_05,MDF,9,05,19,,,,,Standaard,,9 LF_05 MDF 19mm AFQMxB 1000 243.5 19 Standaard eik eik eik eik,False
18,10,RG,MDF,10,5,978.5,,,,,,,10 RG MDF 5mm BxB 978.5 525 5,False
18,1,Plank,MDF,1,31,453,,,,,,,1 Plank MDF 31mm BxB 453 313 31 eik eik eik eik,False
18,1,Rondel,steun,1,18,60,,,,,Te bestellen,,1 Rondel tv steun BRUT MDF 18MM 60 60 18 Te bestellen ZWARTE MDF,True
19,Valse rug,MDF 13mm BxB,622,467.667,13,"Reichenbach
er",,,,,,,"Valse rug MDF 13mm BxB 622 467.667 13 Reichenbach
er    ",False
19,0,Stopcontact ROND,Dummy 10mm,100,100,10,Te bestellen,,,,,, Stopcontact ROND Dummy 10mm 100 100 10 Te bestellen     ,True
19,0,OC_greep,MDF 19mm AFQMxB,1001.5,34,19,"Gannomat
Massief","Fineer
eik
1mm",,,,," OC_greep MDF 19mm AFQMxB 1001.5 34 19 Gannomat
Massief Fineer
eik
1mm    ",False
19,2,Rug,MDF 19mm AFQMxB,1001.5,60,19,"Gannomat
Massief",,"Fineer
eik
1mm",,,,"2 Rug MDF 19mm AFQMxB 1001.5 60 19 Gannomat
Massief  Fineer
eik
1mm   profiel_L_greeplijst",False
19,L-greep,MDF 19mm AFQMxB,1466,70,19,"Reichenbach
er",,,,,,,"L-greep MDF 19mm AFQMxB 1466 70 19 Reichenbach
er Fineer
eik
1mm   ",False
19,OC_greep,MDF 19mm AFQMxB,1003,34,19,"Gannomat
Massief",,,,,,,"OC_greep MDF 19mm AFQMxB 1003 34 19 Gannomat
Massief Fineer
eik
1mm   ",False
19,1,Valse,rug,1,13,622,,,,,,,1 Valse rug MDF 13mm BxB 622 467.667 13,False
19,1,Stopcontact,ROND,1,10,100,,,,,Te bestellen,,1 Stopcontact ROND Dummy 10mm 100 100 10 Te bestellen ZWART,True
19,1,OC_greep,MDF,1,19,1001.5,,,,,,,1 OC_greep MDF 19mm AFQMxB 1001.5 34 19 eik Profel_L_Greeplijst,False
19,2,Rug,MDF,2,19,1001.5,,,,,,,2 Rug MDF 19mm AFQMxB 1001.5 60 19 eik profiel_L_greeplijst,False
19,1,L-greep,MDF,1,19,1466,,,,,,,"1 L-greep MDF 19mm AFQMxB 1466 70 19 eik 1x 70mm breed, 1x 34mm breed",False
20,2,Rug,MDF 19mm AFQMxB,1003,60,19,"Gannomat
Massief",,"Fineer
eik
1mm",,,,"2 Rug MDF 19mm AFQMxB 1003 60 19 Gannomat
Massief  Fineer
eik
1mm   profiel_L_greeplijst",False
20,0,OC_greep,MDF 19mm AFQMxB,1004.5,34,19,"Gannomat
Massief","Fineer
eik
1mm",,,,," OC_greep MDF 19mm AFQMxB 1004.5 34 19 Gannomat
Massief Fineer
eik
1mm    ",False
20,L_greep,MDF 19mm AFQMxB,1001.5,60,19,"Reichenbach
er",,,,,,,"L_greep MDF 19mm AFQMxB 1001.5 60 19 Reichenbach
er Fineer
eik
1mm   ",False
20,L_greep,MDF 19mm AFQMxB,1003,60,19,"Reichenbach
er",,,,,,,"L_greep MDF 19mm AFQMxB 1003 60 19 Reichenbach
er Fineer
eik
1mm   ",False
20,L_greep,MDF 19mm AFQMxB,1004.5,60,19,"Reichenbach
er",,,,,,,"L_greep MDF 19mm AFQMxB 1004.5 60 19 Reichenbach
er Fineer
eik
1mm   ",False
20,2,Rug,MDF,2,19,1003,,,,,,,2 Rug MDF 19mm AFQMxB 1003 60 19 eik profiel_L_greeplijst,False
20,1,OC_greep,MDF,1,19,1004.5,,,,,,,1 OC_greep MDF 19mm AFQMxB 1004.5 34 19 eik Profel_L_Greeplijst,False
20,1,L_greep,MDF,1,19,1001.5,,,,,,,"1 L_greep MDF 19mm AFQMxB 1001.5 60 19 eik 1x 60mm breed, 1x 34mm breed",False
21,L_greep,MDF 19mm AFQMxB,1001.5,97,19,"Reichenbach
er",,,,,,,"L_greep MDF 19mm AFQMxB 1001.5 97 19 Reichenbach
er Fineer
eik
1mm Fineer
eik
1mm  ",False
21,L_greep,MDF 19mm AFQMxB,1003,97,19,"Reichenbach
er",,,,,,,"L_greep MDF 19mm AFQMxB 1003 97 19 Reichenbach
er Fineer
eik
1mm Fineer
eik
1mm  ",False
21,L_greep,MDF 19mm AFQMxB,1004.5,97,19,"Reichenbach
er",,,,,,,"L_greep MDF 19mm AFQMxB 1004.5 97 19 Reichenbach
er Fineer
eik
1mm Fineer
eik
1mm  ",False
21,0,AS,Massief_PM___x14ZS,921,206,14,"Gannomat
Massief",,,,,," AS Massief_PM___x14ZS 921 206 14 Gannomat
Massief     ",False
21,2,ZS_L,Massief_PM___x14ZS,400,206,14,"Gannomat
Massief",,,,,,"2 ZS_L Massief_PM___x14ZS 400 206 14 Gannomat
Massief     ",False
21,2,ZS_R,Massief_PM___x14ZS,400,206,14,"Gannomat
Massief",,,,,," ZS_R Massief_PM___x14ZS 400 206 14 Gannomat
Massief     ",False
21,4,Bodem,MDF 13mm BxB,930,395,13,"Reichenbach
er",,,,,,"4 Bodem MDF 13mm BxB 930 395 13 Reichenbach
er     ",False
21,4,Synchrostang,Metaal 9mm,868,5,9,Te bestellen,,,,,, Synchrostang Metaal 9mm 868 5 9 Te bestellen     ,True
21,1,L_greep,MDF,1,19,1001.5,,,,,Gannomat,,1 L_greep MDF 19mm AFQMxB 1001.5 97 19 eik eik Afwerken_GR-Gannomat,False
21,4,Bodem,MDF,4,13,930,,,,,,,4 Bodem MDF 13mm BxB 930 395 13,False
21,5,Synchrostang,Metaal,5,9,868,,,,,Te bestellen,,5 Synchrostang Metaal 9mm 868 5 9 Te bestellen 1x_GB00031657 2x_GB00031201,True
22,0,AS,Massief_PM___x14ZS,921,206,14,"Gannomat
Massief",,,,,," AS Massief_PM___x14ZS 921 206 14 Gannomat
Massief     ",False
22,2,ZS_L,Massief_PM___x14ZS,400,206,14,"Gannomat
Massief",,,,,,"2 ZS_L Massief_PM___x14ZS 400 206 14 Gannomat
Massief     ",False
22,2,ZS_R,Massief_PM___x14ZS,400,206,14,"Gannomat
Massief",,,,,," ZS_R Massief_PM___x14ZS 400 206 14 Gannomat
Massief     ",False
22,4,Bodem,MDF 13mm BxB,930,395,13,"Reichenbach
er",,,,,,"4 Bodem MDF 13mm BxB 930 395 13 Reichenbach
er     ",False
22,4,Synchrostang,Metaal 9mm,868,5,9,Te bestellen,,,,,, Synchrostang Metaal 9mm 868 5 9 Te bestellen     ,True
22,4,Bodem,MDF,4,13,930,,,,,,,4 Bodem MDF 13mm BxB 930 395 13,False
22,5,Synchrostang,Metaal,5,9,868,,,,,Te bestellen,,5 Synchrostang Metaal 9mm 868 5 9 Te bestellen 1x_GB00031657 2x_GB00031201,True
23,4,Bodem,MDF 13mm BxB,932.5,295,13,"Reichenbach
er",,,,,,"4 Bodem MDF 13mm BxB 932.5 295 13 Reichenbach
er     ",False
23,0,AS,Massief_PM___x14ZS,925,160,14,"Gannomat
Massief",,,,,," AS Massief_PM___x14ZS 925 160 14 Gannomat
Massief     ",False
23,2,ZS_L,Massief_PM___x14ZS,300,160,14,"Gannomat
Massief",,,,,,"2 ZS_L Massief_PM___x14ZS 300 160 14 Gannomat
Massief     ",False
23,2,ZS_R,Massief_PM___x14ZS,300,160,14,"Gannomat
Massief",,,,,," ZS_R Massief_PM___x14ZS 300 160 14 Gannomat
Massief     ",False
23,4,Bodem,MDF,4,13,932.5,,,,,,,4 Bodem MDF 13mm BxB 932.5 295 13,False
24,4,Bodem,MDF 13mm BxB,935.5,295,13,"Reichenbach
er",,,,,,"4 Bodem MDF 13mm BxB 935.5 295 13 Reichenbach
er     ",False
24,Paslat_Dik,MDF 23mm AFQMxB,2770,100,23,"Reichenbach
er",,,,,,,"Paslat_Dik MDF 23mm AFQMxB 2770 100 23 Reichenbach
er Fineer
eik
1mm Fineer
eik
1mm Fineer
eik
1mm Fineer
eik
1mm",False
24,0,Achterpoot,Massief_PM032x21OP,249,32,21,"Gannomat
Massief",,,,,," Achterpoot Massief_PM032x21OP 249 32 21 Gannomat
Massief     ",False
24,2,Plint L,Massief_PM032x21OP,413,32,21,"Gannomat
Massief",,,,,,"2 Plint L Massief_PM032x21OP 413 32 21 Gannomat
Massief     ZWART",False
24,2,Plint R,Massief_PM032x21OP,413,32,21,"Gannomat
Massief",,,,,," Plint R Massief_PM032x21OP 413 32 21 Gannomat
Massief     ",False
24,4,Plint V,Massief_PM032x21OP,943,32,21,"Gannomat
Massief",,,,,,"4 Plint V Massief_PM032x21OP 943 32 21 Gannomat
Massief     ZWART",False
24,4,Bodem,MDF,4,13,935.5,,,,,,,4 Bodem MDF 13mm BxB 935.5 295 13,False
24,1,Paslat_Dik,MDF,1,23,2770,,,,,,,1 Paslat_Dik MDF 23mm AFQMxB 2770 100 23 eik eik eik eik,False
24,2,Plint,Massief_PM032x21OP,2,032,21,,,,,,,2 Plint L Massief_PM032x21OP 413 32 21 ZWART,False
24,1,Led_,Dummy,1,02,1000,,,,,Te bestellen,,1 Led_ Dummy 02mm 1000 300 2 Te bestellen (niet ingeven),True
24,2,LED_SNOER,standaard,2,03,3000,,,,,Te bestellen,,2 LED_SNOER standaard Dummy 03mm 3000 3 3 Te bestellen,True
24,4,LED_Strip_4x8,Dummy,4,4,8,,,,,Te bestellen,,4 LED_Strip_4x8 Dummy 04mm 1080 8 4 Te bestellen Lengte delen door 5000,True
25,LED_Strip_4x8,Dummy 04mm,1080,8,4,Te bestellen,,,,,,,LED_Strip_4x8 Dummy 04mm 1080 8 4 Te bestellen    ,True
25,5,LED_Strip_4x8,Dummy,5,4,8,,,,,Te bestellen,,5 LED_Strip_4x8 Dummy 04mm 1080 8 4 Te bestellen Lengte delen door 5000,True
25,1,Led_,Dummy,1,02,1000,,,,,Te bestellen,,1 Led_ Dummy 02mm 1000 300 2 Te bestellen (niet ingeven),True
25,2,LED_SNOER,standaard,2,03,3000,,,,,Te bestellen,,2 LED_SNOER standaard Dummy 03mm 3000 3 3 Te bestellen,True
