level	page_num	block_num	par_num	line_num	word_num	left	top	width	height	conf	text
1	1	0	0	0	0	0	0	3508	2481	-1	
2	1	1	0	0	0	1138	130	84	23	-1	
3	1	1	1	0	0	1138	130	84	23	-1	
4	1	1	1	1	0	1138	130	84	23	-1	
5	1	1	1	1	1	1138	130	84	23	92.888985	Klant:
2	1	2	0	0	0	1305	130	198	23	-1	
3	1	2	1	0	0	1305	130	198	23	-1	
4	1	2	1	1	0	1305	130	198	23	-1	
5	1	2	1	1	1	1305	130	58	23	93.278633	Rudi
5	1	2	1	1	2	1375	130	128	23	91.477798	Matterne
2	1	3	0	0	0	118	118	705	119	-1	
3	1	3	1	0	0	118	118	705	119	-1	
4	1	3	1	1	0	118	118	705	119	-1	
5	1	3	1	1	1	118	118	705	119	26.558105	©OMINTIENS
2	1	4	0	0	0	956	194	47	36	-1	
3	1	4	1	0	0	956	194	47	36	-1	
4	1	4	1	1	0	956	194	47	36	-1	
5	1	4	1	1	1	956	194	47	36	89.393860	$8
2	1	5	0	0	0	1140	201	139	23	-1	
3	1	5	1	0	0	1140	201	139	23	-1	
4	1	5	1	1	0	1140	201	139	23	-1	
5	1	5	1	1	1	1140	201	139	23	90.255325	Tekenaar:
2	1	6	0	0	0	1303	201	44	23	-1	
3	1	6	1	0	0	1303	201	44	23	-1	
4	1	6	1	1	0	1303	201	44	23	-1	
5	1	6	1	1	1	1303	201	44	23	94.903694	JW
2	1	7	0	0	0	2765	151	601	103	-1	
3	1	7	1	0	0	2765	151	601	103	-1	
4	1	7	1	1	0	2765	151	601	103	-1	
5	1	7	1	1	1	2765	151	601	103	73.685760	MO07199
2	1	8	0	0	0	1139	271	120	23	-1	
3	1	8	1	0	0	1139	271	120	23	-1	
4	1	8	1	1	0	1139	271	120	23	-1	
5	1	8	1	1	1	1139	271	70	23	96.684441	Sales
5	1	8	1	1	2	1220	277	39	17	96.684441	nr:
2	1	9	0	0	0	1304	271	96	23	-1	
3	1	9	1	0	0	1304	271	96	23	-1	
4	1	9	1	1	0	1304	271	96	23	-1	
5	1	9	1	1	1	1304	271	96	23	76.443481	$04479
2	1	10	0	0	0	925	342	111	23	-1	
3	1	10	1	0	0	925	342	111	23	-1	
4	1	10	1	1	0	925	342	111	23	-1	
5	1	10	1	1	1	925	342	111	23	92.134521	Schuren
2	1	11	0	0	0	1138	342	113	29	-1	
3	1	11	1	0	0	1138	342	113	29	-1	
4	1	11	1	1	0	1138	342	113	29	-1	
5	1	11	1	1	1	1138	342	113	29	96.514076	Project:
2	1	12	0	0	0	1303	348	1002	45	-1	
3	1	12	1	0	0	1303	348	1002	45	-1	
4	1	12	1	1	0	1303	348	1002	45	-1	
5	1	12	1	1	1	1303	348	620	45	72.159653	0411_MO07199_Hoekdressing
5	1	12	1	1	2	1942	367	10	4	91.117035	-
5	1	12	1	1	3	1972	348	216	45	91.590706	opklapbed
5	1	12	1	1	4	2211	349	94	43	96.495796	(4-7)
2	1	13	0	0	0	3106	312	267	76	-1	
3	1	13	1	0	0	3106	312	267	76	-1	
4	1	13	1	1	0	3106	312	267	76	-1	
5	1	13	1	1	1	3106	312	267	76	96.117607	Nesting
2	1	14	0	0	0	145	422	37	27	-1	
3	1	14	1	0	0	145	422	37	27	-1	
4	1	14	1	1	0	145	422	37	27	-1	
5	1	14	1	1	1	145	422	37	27	93.887466	N°
2	1	15	0	0	0	339	422	173	27	-1	
3	1	15	1	0	0	339	422	173	27	-1	
4	1	15	1	1	0	339	422	173	27	-1	
5	1	15	1	1	1	339	422	173	27	91.697403	Onderdeel
2	1	16	0	0	0	820	422	154	27	-1	
3	1	16	1	0	0	820	422	154	27	-1	
4	1	16	1	1	0	820	422	154	27	-1	
5	1	16	1	1	1	820	422	154	27	92.184921	Materiaal
2	1	17	0	0	0	1221	423	110	33	-1	
3	1	17	1	0	0	1221	423	110	33	-1	
4	1	17	1	1	0	1221	423	110	33	-1	
5	1	17	1	1	1	1221	423	110	33	92.628105	Lengte
2	1	18	0	0	0	1436	422	129	27	-1	
3	1	18	1	0	0	1436	422	129	27	-1	
4	1	18	1	1	0	1436	422	129	27	-1	
5	1	18	1	1	1	1436	422	129	27	92.521294	Breedte
2	1	19	0	0	0	1636	422	84	27	-1	
3	1	19	1	0	0	1636	422	84	27	-1	
4	1	19	1	1	0	1636	422	84	27	-1	
5	1	19	1	1	1	1636	422	84	27	92.480057	Dikte
2	1	20	0	0	0	1789	423	32	26	-1	
3	1	20	1	0	0	1789	423	32	26	-1	
4	1	20	1	1	0	1789	423	32	26	-1	
5	1	20	1	1	1	1789	423	32	26	91.295799	L1
2	1	21	0	0	0	1907	423	37	26	-1	
3	1	21	1	0	0	1907	423	37	26	-1	
4	1	21	1	1	0	1907	423	37	26	-1	
5	1	21	1	1	1	1907	423	37	26	92.695358	L2
2	1	22	0	0	0	2025	423	33	26	-1	
3	1	22	1	0	0	2025	423	33	26	-1	
4	1	22	1	1	0	2025	423	33	26	-1	
5	1	22	1	1	1	2025	423	33	26	90.960251	B1
2	1	23	0	0	0	2143	423	38	26	-1	
3	1	23	1	0	0	2143	423	38	26	-1	
4	1	23	1	1	0	2143	423	38	26	-1	
5	1	23	1	1	1	2143	423	38	26	91.921036	B2
2	1	24	0	0	0	2236	429	104	15	-1	
3	1	24	1	0	0	2236	429	104	15	-1	
4	1	24	1	1	0	2236	429	104	15	-1	
5	1	24	1	1	1	2236	429	104	15	82.834930	ProductieM.
2	1	25	0	0	0	2759	422	221	34	-1	
3	1	25	1	0	0	2759	422	221	34	-1	
4	1	25	1	1	0	2759	422	221	34	-1	
5	1	25	1	1	1	2759	422	221	34	91.475861	Opmerkingen
2	1	26	0	0	0	1755	496	459	18	-1	
3	1	26	1	0	0	1755	496	459	18	-1	
4	1	26	1	1	0	1755	496	459	18	-1	
5	1	26	1	1	1	1755	497	66	17	91.504044	Fineer
5	1	26	1	1	2	1829	496	110	18	81.845207	eik|Fineer
5	1	26	1	1	3	1947	496	110	18	57.120331	eik|Fineer
5	1	26	1	1	4	2066	496	109	18	77.114220	eik|Fineer
5	1	26	1	1	5	2184	496	30	18	93.103073	eik
2	1	27	0	0	0	2238	496	105	18	-1	
3	1	27	1	0	0	2238	496	105	18	-1	
4	1	27	1	1	0	2238	496	105	18	-1	
5	1	27	1	1	1	2238	496	105	18	92.572365	Standaard
2	1	28	0	0	0	405	506	39	26	-1	
3	1	28	1	0	0	405	506	39	26	-1	
4	1	28	1	1	0	405	506	39	26	-1	
5	1	28	1	1	1	405	506	39	26	96.676216	AZ
2	1	29	0	0	0	781	506	234	26	-1	
3	1	29	1	0	0	781	506	234	26	-1	
4	1	29	1	1	0	781	506	234	26	-1	
5	1	29	1	1	1	781	506	57	26	92.320038	HSP
5	1	29	1	1	2	851	506	94	26	93.051941	23mm
5	1	29	1	1	3	960	506	55	26	92.974030	BxB
2	1	30	0	0	0	1239	506	67	26	-1	
3	1	30	1	0	0	1239	506	67	26	-1	
4	1	30	1	1	0	1239	506	67	26	-1	
5	1	30	1	1	1	1239	506	67	26	96.490623	2571
2	1	31	0	0	0	1431	506	140	26	-1	
3	1	31	1	0	0	1431	506	140	26	-1	
4	1	31	1	1	0	1431	506	140	26	-1	
5	1	31	1	1	1	1431	506	140	26	90.059593	1023.667
2	1	32	0	0	0	1659	506	34	26	-1	
3	1	32	1	0	0	1659	506	34	26	-1	
4	1	32	1	1	0	1659	506	34	26	-1	
5	1	32	1	1	1	1659	506	34	26	96.906837	23
2	1	33	0	0	0	1783	525	49	17	-1	
3	1	33	1	0	0	1783	525	49	17	-1	
4	1	33	1	1	0	1783	525	49	17	-1	
5	1	33	1	1	1	1783	525	49	17	68.498352	1mm
2	1	34	0	0	0	1901	525	49	17	-1	
3	1	34	1	0	0	1901	525	49	17	-1	
4	1	34	1	1	0	1901	525	49	17	-1	
5	1	34	1	1	1	1901	525	49	17	68.498352	1mm
2	1	35	0	0	0	2020	525	48	17	-1	
3	1	35	1	0	0	2020	525	48	17	-1	
4	1	35	1	1	0	2020	525	48	17	-1	
5	1	35	1	1	1	2020	525	48	17	32.248398	1mm
2	1	36	0	0	0	2138	525	48	17	-1	
3	1	36	1	0	0	2138	525	48	17	-1	
4	1	36	1	1	0	2138	525	48	17	-1	
5	1	36	1	1	1	2138	525	48	17	32.248398	1mm
2	1	37	0	0	0	2276	524	32	18	-1	
3	1	37	1	0	0	2276	524	32	18	-1	
4	1	37	1	1	0	2276	524	32	18	-1	
5	1	37	1	1	1	2276	524	32	18	96.970917	Dik
2	1	38	0	0	0	1755	590	459	18	-1	
3	1	38	1	0	0	1755	590	459	18	-1	
4	1	38	1	1	0	1755	590	459	18	-1	
5	1	38	1	1	1	1755	591	66	17	91.333435	Fineer
5	1	38	1	1	2	1829	590	110	18	80.637192	eik|Fineer
5	1	38	1	1	3	1947	590	110	18	60.834175	eik|Fineer
5	1	38	1	1	4	2066	590	109	18	67.167366	eik|Fineer
5	1	38	1	1	5	2184	590	30	18	92.696983	eik
2	1	39	0	0	0	2238	590	105	18	-1	
3	1	39	1	0	0	2238	590	105	18	-1	
4	1	39	1	1	0	2238	590	105	18	-1	
5	1	39	1	1	1	2238	590	105	18	92.717186	Standaard
2	1	40	0	0	0	381	601	84	30	-1	
3	1	40	1	0	0	381	601	84	30	-1	
4	1	40	1	1	0	381	601	84	30	-1	
5	1	40	1	1	1	381	601	84	30	92.383224	LZ_01
2	1	41	0	0	0	781	601	234	26	-1	
3	1	41	1	0	0	781	601	234	26	-1	
4	1	41	1	1	0	781	601	234	26	-1	
5	1	41	1	1	1	781	601	57	26	91.613609	HSP
5	1	41	1	1	2	851	601	94	26	92.806000	23mm
5	1	41	1	1	3	960	601	55	26	92.492180	BxB
2	1	42	0	0	0	1239	601	67	26	-1	
3	1	42	1	0	0	1239	601	67	26	-1	
4	1	42	1	1	0	1239	601	67	26	-1	
5	1	42	1	1	1	1239	601	67	26	96.526955	2571
2	1	43	0	0	0	1474	601	53	26	-1	
3	1	43	1	0	0	1474	601	53	26	-1	
4	1	43	1	1	0	1474	601	53	26	-1	
5	1	43	1	1	1	1474	601	53	26	96.521820	510
2	1	44	0	0	0	1659	601	34	26	-1	
3	1	44	1	0	0	1659	601	34	26	-1	
4	1	44	1	1	0	1659	601	34	26	-1	
5	1	44	1	1	1	1659	601	34	26	96.907249	23
2	1	45	0	0	0	1783	619	49	17	-1	
3	1	45	1	0	0	1783	619	49	17	-1	
4	1	45	1	1	0	1783	619	49	17	-1	
5	1	45	1	1	1	1783	619	49	17	73.944923	1mm
2	1	46	0	0	0	1901	619	49	17	-1	
3	1	46	1	0	0	1901	619	49	17	-1	
4	1	46	1	1	0	1901	619	49	17	-1	
5	1	46	1	1	1	1901	619	49	17	73.944923	1mm
2	1	47	0	0	0	2020	619	48	17	-1	
3	1	47	1	0	0	2020	619	48	17	-1	
4	1	47	1	1	0	2020	619	48	17	-1	
5	1	47	1	1	1	2020	619	48	17	51.220646	1mm
2	1	48	0	0	0	2138	619	48	17	-1	
3	1	48	1	0	0	2138	619	48	17	-1	
4	1	48	1	1	0	2138	619	48	17	-1	
5	1	48	1	1	1	2138	619	48	17	51.220646	1mm
2	1	49	0	0	0	2276	618	32	18	-1	
3	1	49	1	0	0	2276	618	32	18	-1	
4	1	49	1	1	0	2276	618	32	18	-1	
5	1	49	1	1	1	2276	618	32	18	96.982315	Dik
2	1	50	0	0	0	781	695	234	26	-1	
3	1	50	1	0	0	781	695	234	26	-1	
4	1	50	1	1	0	781	695	234	26	-1	
5	1	50	1	1	1	781	695	57	26	92.320038	HSP
5	1	50	1	1	2	851	695	94	26	93.051941	23mm
5	1	50	1	1	3	960	695	55	26	92.974030	BxB
2	1	51	0	0	0	1239	695	67	26	-1	
3	1	51	1	0	0	1239	695	67	26	-1	
4	1	51	1	1	0	1239	695	67	26	-1	
5	1	51	1	1	1	1239	695	67	26	96.490623	2571
2	1	52	0	0	0	1474	695	53	26	-1	
3	1	52	1	0	0	1474	695	53	26	-1	
4	1	52	1	1	0	1474	695	53	26	-1	
5	1	52	1	1	1	1474	695	53	26	96.445137	510
2	1	53	0	0	0	1659	695	34	26	-1	
3	1	53	1	0	0	1659	695	34	26	-1	
4	1	53	1	1	0	1659	695	34	26	-1	
5	1	53	1	1	1	1659	695	34	26	96.906837	23
2	1	54	0	0	0	1755	685	459	18	-1	
3	1	54	1	0	0	1755	685	459	18	-1	
4	1	54	1	1	0	1755	685	459	18	-1	
5	1	54	1	1	1	1755	686	66	17	91.504044	Fineer
5	1	54	1	1	2	1829	685	110	18	81.845207	eik|Fineer
5	1	54	1	1	3	1947	685	110	18	57.120331	eik|Fineer
5	1	54	1	1	4	2066	685	109	18	77.114220	eik|Fineer
5	1	54	1	1	5	2184	685	30	18	93.103073	eik
2	1	55	0	0	0	2238	685	105	18	-1	
3	1	55	1	0	0	2238	685	105	18	-1	
4	1	55	1	1	0	2238	685	105	18	-1	
5	1	55	1	1	1	2238	685	105	18	92.572365	Standaard
2	1	56	0	0	0	381	695	89	30	-1	
3	1	56	1	0	0	381	695	89	30	-1	
4	1	56	1	1	0	381	695	89	30	-1	
5	1	56	1	1	1	381	695	89	30	92.465866	LZ_02
2	1	57	0	0	0	1783	714	49	17	-1	
3	1	57	1	0	0	1783	714	49	17	-1	
4	1	57	1	1	0	1783	714	49	17	-1	
5	1	57	1	1	1	1783	714	49	17	68.498352	1mm
2	1	58	0	0	0	1901	714	49	17	-1	
3	1	58	1	0	0	1901	714	49	17	-1	
4	1	58	1	1	0	1901	714	49	17	-1	
5	1	58	1	1	1	1901	714	49	17	68.498352	1mm
2	1	59	0	0	0	2020	714	48	17	-1	
3	1	59	1	0	0	2020	714	48	17	-1	
4	1	59	1	1	0	2020	714	48	17	-1	
5	1	59	1	1	1	2020	714	48	17	32.248398	1mm
2	1	60	0	0	0	2138	714	48	17	-1	
3	1	60	1	0	0	2138	714	48	17	-1	
4	1	60	1	1	0	2138	714	48	17	-1	
5	1	60	1	1	1	2138	714	48	17	32.248398	1mm
2	1	61	0	0	0	2276	713	32	18	-1	
3	1	61	1	0	0	2276	713	32	18	-1	
4	1	61	1	1	0	2276	713	32	18	-1	
5	1	61	1	1	1	2276	713	32	18	96.970917	Dik
2	1	62	0	0	0	781	790	234	26	-1	
3	1	62	1	0	0	781	790	234	26	-1	
4	1	62	1	1	0	781	790	234	26	-1	
5	1	62	1	1	1	781	790	57	26	91.613609	HSP
5	1	62	1	1	2	851	790	94	26	92.806000	23mm
5	1	62	1	1	3	960	790	55	26	92.492180	BxB
2	1	63	0	0	0	1239	790	67	26	-1	
3	1	63	1	0	0	1239	790	67	26	-1	
4	1	63	1	1	0	1239	790	67	26	-1	
5	1	63	1	1	1	1239	790	67	26	96.526955	2571
2	1	64	0	0	0	1473	790	54	26	-1	
3	1	64	1	0	0	1473	790	54	26	-1	
4	1	64	1	1	0	1473	790	54	26	-1	
5	1	64	1	1	1	1473	790	54	26	96.939651	600
2	1	65	0	0	0	1659	790	34	26	-1	
3	1	65	1	0	0	1659	790	34	26	-1	
4	1	65	1	1	0	1659	790	34	26	-1	
5	1	65	1	1	1	1659	790	34	26	96.907249	23
2	1	66	0	0	0	1755	779	459	18	-1	
3	1	66	1	0	0	1755	779	459	18	-1	
4	1	66	1	1	0	1755	779	459	18	-1	
5	1	66	1	1	1	1755	780	66	17	91.333435	Fineer
5	1	66	1	1	2	1829	779	110	18	80.637192	eik|Fineer
5	1	66	1	1	3	1947	779	110	18	60.834175	eik|Fineer
5	1	66	1	1	4	2066	779	109	18	67.167366	eik|Fineer
5	1	66	1	1	5	2184	779	30	18	92.696983	eik
2	1	67	0	0	0	2238	779	105	18	-1	
3	1	67	1	0	0	2238	779	105	18	-1	
4	1	67	1	1	0	2238	779	105	18	-1	
5	1	67	1	1	1	2238	779	105	18	92.717186	Standaard
2	1	68	0	0	0	381	790	89	30	-1	
3	1	68	1	0	0	381	790	89	30	-1	
4	1	68	1	1	0	381	790	89	30	-1	
5	1	68	1	1	1	381	790	89	30	92.669510	LZ_03
2	1	69	0	0	0	1783	808	49	17	-1	
3	1	69	1	0	0	1783	808	49	17	-1	
4	1	69	1	1	0	1783	808	49	17	-1	
5	1	69	1	1	1	1783	808	49	17	73.944923	1mm
2	1	70	0	0	0	1901	808	49	17	-1	
3	1	70	1	0	0	1901	808	49	17	-1	
4	1	70	1	1	0	1901	808	49	17	-1	
5	1	70	1	1	1	1901	808	49	17	73.944923	1mm
2	1	71	0	0	0	2020	808	48	17	-1	
3	1	71	1	0	0	2020	808	48	17	-1	
4	1	71	1	1	0	2020	808	48	17	-1	
5	1	71	1	1	1	2020	808	48	17	51.220646	1mm
2	1	72	0	0	0	2138	808	48	17	-1	
3	1	72	1	0	0	2138	808	48	17	-1	
4	1	72	1	1	0	2138	808	48	17	-1	
5	1	72	1	1	1	2138	808	48	17	51.220646	1mm
2	1	73	0	0	0	2276	807	32	18	-1	
3	1	73	1	0	0	2276	807	32	18	-1	
4	1	73	1	1	0	2276	807	32	18	-1	
5	1	73	1	1	1	2276	807	32	18	96.982315	Dik
2	1	74	0	0	0	781	884	234	26	-1	
3	1	74	1	0	0	781	884	234	26	-1	
4	1	74	1	1	0	781	884	234	26	-1	
5	1	74	1	1	1	781	884	57	26	92.320038	HSP
5	1	74	1	1	2	851	884	94	26	93.051941	23mm
5	1	74	1	1	3	960	884	55	26	92.974030	BxB
2	1	75	0	0	0	1239	884	67	26	-1	
3	1	75	1	0	0	1239	884	67	26	-1	
4	1	75	1	1	0	1239	884	67	26	-1	
5	1	75	1	1	1	1239	884	67	26	96.490623	2571
2	1	76	0	0	0	1473	884	54	26	-1	
3	1	76	1	0	0	1473	884	54	26	-1	
4	1	76	1	1	0	1473	884	54	26	-1	
5	1	76	1	1	1	1473	884	54	26	96.977486	600
2	1	77	0	0	0	1659	884	34	26	-1	
3	1	77	1	0	0	1659	884	34	26	-1	
4	1	77	1	1	0	1659	884	34	26	-1	
5	1	77	1	1	1	1659	884	34	26	96.906837	23
2	1	78	0	0	0	1755	874	459	18	-1	
3	1	78	1	0	0	1755	874	459	18	-1	
4	1	78	1	1	0	1755	874	459	18	-1	
5	1	78	1	1	1	1755	875	66	17	91.504044	Fineer
5	1	78	1	1	2	1829	874	110	18	81.845207	eik|Fineer
5	1	78	1	1	3	1947	874	110	18	57.120331	eik|Fineer
5	1	78	1	1	4	2066	874	109	18	77.114220	eik|Fineer
5	1	78	1	1	5	2184	874	30	18	93.103073	eik
2	1	79	0	0	0	2238	874	105	18	-1	
3	1	79	1	0	0	2238	874	105	18	-1	
4	1	79	1	1	0	2238	874	105	18	-1	
5	1	79	1	1	1	2238	874	105	18	92.572365	Standaard
2	1	80	0	0	0	380	884	93	30	-1	
3	1	80	1	0	0	380	884	93	30	-1	
4	1	80	1	1	0	380	884	93	30	-1	
5	1	80	1	1	1	380	884	93	30	92.791161	RZ_04
2	1	81	0	0	0	1783	903	49	17	-1	
3	1	81	1	0	0	1783	903	49	17	-1	
4	1	81	1	1	0	1783	903	49	17	-1	
5	1	81	1	1	1	1783	903	49	17	68.498352	1mm
2	1	82	0	0	0	1901	903	49	17	-1	
3	1	82	1	0	0	1901	903	49	17	-1	
4	1	82	1	1	0	1901	903	49	17	-1	
5	1	82	1	1	1	1901	903	49	17	68.498352	1mm
2	1	83	0	0	0	2020	903	48	17	-1	
3	1	83	1	0	0	2020	903	48	17	-1	
4	1	83	1	1	0	2020	903	48	17	-1	
5	1	83	1	1	1	2020	903	48	17	32.248398	1mm
2	1	84	0	0	0	2138	903	48	17	-1	
3	1	84	1	0	0	2138	903	48	17	-1	
4	1	84	1	1	0	2138	903	48	17	-1	
5	1	84	1	1	1	2138	903	48	17	32.248398	1mm
2	1	85	0	0	0	2276	902	32	18	-1	
3	1	85	1	0	0	2276	902	32	18	-1	
4	1	85	1	1	0	2276	902	32	18	-1	
5	1	85	1	1	1	2276	902	32	18	96.970917	Dik
2	1	86	0	0	0	360	978	130	30	-1	
3	1	86	1	0	0	360	978	130	30	-1	
4	1	86	1	1	0	360	978	130	30	-1	
5	1	86	1	1	1	360	978	130	30	91.577194	AFWZ_R
2	1	87	0	0	0	742	978	310	31	-1	
3	1	87	1	0	0	742	978	310	31	-1	
4	1	87	1	1	0	742	978	310	31	-1	
5	1	87	1	1	1	742	978	65	26	96.421532	MDF
5	1	87	1	1	2	822	978	91	26	91.900169	19mm
5	1	87	1	1	3	926	978	126	31	84.461197	AFQMxB
2	1	88	0	0	0	1239	978	73	26	-1	
3	1	88	1	0	0	1239	978	73	26	-1	
4	1	88	1	1	0	1239	978	73	26	-1	
5	1	88	1	1	1	1239	978	73	26	96.872803	2636
2	1	89	0	0	0	1473	978	53	26	-1	
3	1	89	1	0	0	1473	978	53	26	-1	
4	1	89	1	1	0	1473	978	53	26	-1	
5	1	89	1	1	1	1473	978	53	26	95.767731	635
2	1	90	0	0	0	1662	978	32	26	-1	
3	1	90	1	0	0	1662	978	32	26	-1	
4	1	90	1	1	0	1662	978	32	26	-1	
5	1	90	1	1	1	1662	978	32	26	96.781975	19
2	1	91	0	0	0	1755	968	459	18	-1	
3	1	91	1	0	0	1755	968	459	18	-1	
4	1	91	1	1	0	1755	968	459	18	-1	
5	1	91	1	1	1	1755	969	66	17	91.333435	Fineer
5	1	91	1	1	2	1829	968	110	18	80.637192	eik|Fineer
5	1	91	1	1	3	1947	968	110	18	60.834175	eik|Fineer
5	1	91	1	1	4	2066	968	109	18	67.167366	eik|Fineer
5	1	91	1	1	5	2184	968	30	18	92.696983	eik
2	1	92	0	0	0	2238	982	105	18	-1	
3	1	92	1	0	0	2238	982	105	18	-1	
4	1	92	1	1	0	2238	982	105	18	-1	
5	1	92	1	1	1	2238	982	105	18	92.717186	Standaard
2	1	93	0	0	0	2705	978	332	26	-1	
3	1	93	1	0	0	2705	978	332	26	-1	
4	1	93	1	1	0	2705	978	332	26	-1	
5	1	93	1	1	1	2705	978	168	26	90.573196	L+B=30mm
5	1	93	1	1	2	2887	980	150	24	91.983261	overmaat
2	1	94	0	0	0	1783	997	49	17	-1	
3	1	94	1	0	0	1783	997	49	17	-1	
4	1	94	1	1	0	1783	997	49	17	-1	
5	1	94	1	1	1	1783	997	49	17	73.944923	1mm
2	1	95	0	0	0	1901	997	49	17	-1	
3	1	95	1	0	0	1901	997	49	17	-1	
4	1	95	1	1	0	1901	997	49	17	-1	
5	1	95	1	1	1	1901	997	49	17	73.944923	1mm
2	1	96	0	0	0	2020	997	48	17	-1	
3	1	96	1	0	0	2020	997	48	17	-1	
4	1	96	1	1	0	2020	997	48	17	-1	
5	1	96	1	1	1	2020	997	48	17	51.220646	1mm
2	1	97	0	0	0	2138	997	48	17	-1	
3	1	97	1	0	0	2138	997	48	17	-1	
4	1	97	1	1	0	2138	997	48	17	-1	
5	1	97	1	1	1	2138	997	48	17	51.220646	1mm
2	1	98	0	0	0	369	1073	108	30	-1	
3	1	98	1	0	0	369	1073	108	30	-1	
4	1	98	1	1	0	369	1073	108	30	-1	
5	1	98	1	1	1	369	1073	108	30	81.623291	DR_LO1
2	1	99	0	0	0	742	1073	310	31	-1	
3	1	99	1	0	0	742	1073	310	31	-1	
4	1	99	1	1	0	742	1073	310	31	-1	
5	1	99	1	1	1	742	1073	65	26	96.591675	MDF
5	1	99	1	1	2	822	1073	91	26	91.923904	19mm
5	1	99	1	1	3	926	1073	126	31	79.588806	AFQMxB
2	1	100	0	0	0	1239	1073	73	26	-1	
3	1	100	1	0	0	1239	1073	73	26	-1	
4	1	100	1	1	0	1239	1073	73	26	-1	
5	1	100	1	1	1	1239	1073	73	26	95.794106	2596
2	1	101	0	0	0	1437	1073	125	26	-1	
3	1	101	1	0	0	1437	1073	125	26	-1	
4	1	101	1	1	0	1437	1073	125	26	-1	
5	1	101	1	1	1	1437	1073	125	26	96.117241	431.667
2	1	102	0	0	0	1662	1073	32	26	-1	
3	1	102	1	0	0	1662	1073	32	26	-1	
4	1	102	1	1	0	1662	1073	32	26	-1	
5	1	102	1	1	1	1662	1073	32	26	96.715439	19
2	1	103	0	0	0	1755	1063	459	18	-1	
3	1	103	1	0	0	1755	1063	459	18	-1	
4	1	103	1	1	0	1755	1063	459	18	-1	
5	1	103	1	1	1	1755	1064	66	17	91.504044	Fineer
5	1	103	1	1	2	1829	1063	110	18	81.845207	eik|Fineer
5	1	103	1	1	3	1947	1063	110	18	57.120331	eik|Fineer
5	1	103	1	1	4	2066	1063	109	18	77.114220	eik|Fineer
5	1	103	1	1	5	2184	1063	30	18	93.103073	eik
2	1	104	0	0	0	2238	1077	105	18	-1	
3	1	104	1	0	0	2238	1077	105	18	-1	
4	1	104	1	1	0	2238	1077	105	18	-1	
5	1	104	1	1	1	2238	1077	105	18	92.572365	Standaard
2	1	105	0	0	0	1783	1092	49	17	-1	
3	1	105	1	0	0	1783	1092	49	17	-1	
4	1	105	1	1	0	1783	1092	49	17	-1	
5	1	105	1	1	1	1783	1092	49	17	68.498352	1mm
2	1	106	0	0	0	1901	1092	49	17	-1	
3	1	106	1	0	0	1901	1092	49	17	-1	
4	1	106	1	1	0	1901	1092	49	17	-1	
5	1	106	1	1	1	1901	1092	49	17	68.498352	1mm
2	1	107	0	0	0	2020	1092	48	17	-1	
3	1	107	1	0	0	2020	1092	48	17	-1	
4	1	107	1	1	0	2020	1092	48	17	-1	
5	1	107	1	1	1	2020	1092	48	17	32.248398	1mm
2	1	108	0	0	0	2138	1092	48	17	-1	
3	1	108	1	0	0	2138	1092	48	17	-1	
4	1	108	1	1	0	2138	1092	48	17	-1	
5	1	108	1	1	1	2138	1092	48	17	32.248398	1mm
2	1	109	0	0	0	369	1167	112	30	-1	
3	1	109	1	0	0	369	1167	112	30	-1	
4	1	109	1	1	0	369	1167	112	30	-1	
5	1	109	1	1	1	369	1167	112	30	92.093124	DR_LO3
2	1	110	0	0	0	742	1167	310	31	-1	
3	1	110	1	0	0	742	1167	310	31	-1	
4	1	110	1	1	0	742	1167	310	31	-1	
5	1	110	1	1	1	742	1167	65	26	96.421532	MDF
5	1	110	1	1	2	822	1167	91	26	91.900169	19mm
5	1	110	1	1	3	926	1167	126	31	84.461197	AFQMxB
2	1	111	0	0	0	1239	1167	73	26	-1	
3	1	111	1	0	0	1239	1167	73	26	-1	
4	1	111	1	1	0	1239	1167	73	26	-1	
5	1	111	1	1	1	1239	1167	73	26	95.588844	2596
2	1	112	0	0	0	1437	1167	125	26	-1	
3	1	112	1	0	0	1437	1167	125	26	-1	
4	1	112	1	1	0	1437	1167	125	26	-1	
5	1	112	1	1	1	1437	1167	125	26	96.340302	431.667
2	1	113	0	0	0	1662	1167	32	26	-1	
3	1	113	1	0	0	1662	1167	32	26	-1	
4	1	113	1	1	0	1662	1167	32	26	-1	
5	1	113	1	1	1	1662	1167	32	26	96.781975	19
2	1	114	0	0	0	1755	1157	459	18	-1	
3	1	114	1	0	0	1755	1157	459	18	-1	
4	1	114	1	1	0	1755	1157	459	18	-1	
5	1	114	1	1	1	1755	1158	66	17	91.333435	Fineer
5	1	114	1	1	2	1829	1157	110	18	80.637192	eik|Fineer
5	1	114	1	1	3	1947	1157	110	18	60.834175	eik|Fineer
5	1	114	1	1	4	2066	1157	109	18	67.167366	eik|Fineer
5	1	114	1	1	5	2184	1157	30	18	92.696983	eik
2	1	115	0	0	0	2238	1171	105	18	-1	
3	1	115	1	0	0	2238	1171	105	18	-1	
4	1	115	1	1	0	2238	1171	105	18	-1	
5	1	115	1	1	1	2238	1171	105	18	92.717186	Standaard
2	1	116	0	0	0	1783	1186	49	17	-1	
3	1	116	1	0	0	1783	1186	49	17	-1	
4	1	116	1	1	0	1783	1186	49	17	-1	
5	1	116	1	1	1	1783	1186	49	17	73.944923	1mm
2	1	117	0	0	0	1901	1186	49	17	-1	
3	1	117	1	0	0	1901	1186	49	17	-1	
4	1	117	1	1	0	1901	1186	49	17	-1	
5	1	117	1	1	1	1901	1186	49	17	73.944923	1mm
2	1	118	0	0	0	2020	1186	48	17	-1	
3	1	118	1	0	0	2020	1186	48	17	-1	
4	1	118	1	1	0	2020	1186	48	17	-1	
5	1	118	1	1	1	2020	1186	48	17	51.220646	1mm
2	1	119	0	0	0	2138	1186	48	17	-1	
3	1	119	1	0	0	2138	1186	48	17	-1	
4	1	119	1	1	0	2138	1186	48	17	-1	
5	1	119	1	1	1	2138	1186	48	17	51.220646	1mm
2	1	120	0	0	0	369	1262	113	30	-1	
3	1	120	1	0	0	369	1262	113	30	-1	
4	1	120	1	1	0	369	1262	113	30	-1	
5	1	120	1	1	1	369	1262	113	30	86.193802	DR_LO5
2	1	121	0	0	0	742	1262	310	31	-1	
3	1	121	1	0	0	742	1262	310	31	-1	
4	1	121	1	1	0	742	1262	310	31	-1	
5	1	121	1	1	1	742	1262	65	26	96.591675	MDF
5	1	121	1	1	2	822	1262	91	26	91.923904	19mm
5	1	121	1	1	3	926	1262	126	31	79.588806	AFQMxB
2	1	122	0	0	0	1239	1262	73	26	-1	
3	1	122	1	0	0	1239	1262	73	26	-1	
4	1	122	1	1	0	1239	1262	73	26	-1	
5	1	122	1	1	1	1239	1262	73	26	95.794106	2596
2	1	123	0	0	0	1439	1262	122	26	-1	
3	1	123	1	0	0	1439	1262	122	26	-1	
4	1	123	1	1	0	1439	1262	122	26	-1	
5	1	123	1	1	1	1439	1262	122	26	94.714355	382.666
2	1	124	0	0	0	1662	1262	32	26	-1	
3	1	124	1	0	0	1662	1262	32	26	-1	
4	1	124	1	1	0	1662	1262	32	26	-1	
5	1	124	1	1	1	1662	1262	32	26	96.715439	19
2	1	125	0	0	0	1755	1252	459	18	-1	
3	1	125	1	0	0	1755	1252	459	18	-1	
4	1	125	1	1	0	1755	1252	459	18	-1	
5	1	125	1	1	1	1755	1253	66	17	91.504044	Fineer
5	1	125	1	1	2	1829	1252	110	18	81.845207	eik|Fineer
5	1	125	1	1	3	1947	1252	110	18	57.120331	eik|Fineer
5	1	125	1	1	4	2066	1252	109	18	77.114220	eik|Fineer
5	1	125	1	1	5	2184	1252	30	18	93.103073	eik
2	1	126	0	0	0	2238	1266	105	18	-1	
3	1	126	1	0	0	2238	1266	105	18	-1	
4	1	126	1	1	0	2238	1266	105	18	-1	
5	1	126	1	1	1	2238	1266	105	18	92.572365	Standaard
2	1	127	0	0	0	1783	1281	49	17	-1	
3	1	127	1	0	0	1783	1281	49	17	-1	
4	1	127	1	1	0	1783	1281	49	17	-1	
5	1	127	1	1	1	1783	1281	49	17	68.498352	1mm
2	1	128	0	0	0	1901	1281	49	17	-1	
3	1	128	1	0	0	1901	1281	49	17	-1	
4	1	128	1	1	0	1901	1281	49	17	-1	
5	1	128	1	1	1	1901	1281	49	17	68.498352	1mm
2	1	129	0	0	0	2020	1281	48	17	-1	
3	1	129	1	0	0	2020	1281	48	17	-1	
4	1	129	1	1	0	2020	1281	48	17	-1	
5	1	129	1	1	1	2020	1281	48	17	32.248398	1mm
2	1	130	0	0	0	2138	1281	48	17	-1	
3	1	130	1	0	0	2138	1281	48	17	-1	
4	1	130	1	1	0	2138	1281	48	17	-1	
5	1	130	1	1	1	2138	1281	48	17	32.248398	1mm
2	1	131	0	0	0	150	1356	33	26	-1	
3	1	131	1	0	0	150	1356	33	26	-1	
4	1	131	1	1	0	150	1356	33	26	-1	
5	1	131	1	1	1	150	1356	33	26	96.928719	10
2	1	132	0	0	0	368	1356	115	30	-1	
3	1	132	1	0	0	368	1356	115	30	-1	
4	1	132	1	1	0	368	1356	115	30	-1	
5	1	132	1	1	1	368	1356	115	30	89.397583	DR_RO2
2	1	133	0	0	0	742	1356	310	31	-1	
3	1	133	1	0	0	742	1356	310	31	-1	
4	1	133	1	1	0	742	1356	310	31	-1	
5	1	133	1	1	1	742	1356	65	26	96.421532	MDF
5	1	133	1	1	2	822	1356	91	26	91.900169	19mm
5	1	133	1	1	3	926	1356	126	31	84.461197	AFQMxB
2	1	134	0	0	0	1239	1356	73	26	-1	
3	1	134	1	0	0	1239	1356	73	26	-1	
4	1	134	1	1	0	1239	1356	73	26	-1	
5	1	134	1	1	1	1239	1356	73	26	95.588844	2596
2	1	135	0	0	0	1437	1356	125	26	-1	
3	1	135	1	0	0	1437	1356	125	26	-1	
4	1	135	1	1	0	1437	1356	125	26	-1	
5	1	135	1	1	1	1437	1356	125	26	96.340302	431.667
2	1	136	0	0	0	1662	1356	32	26	-1	
3	1	136	1	0	0	1662	1356	32	26	-1	
4	1	136	1	1	0	1662	1356	32	26	-1	
5	1	136	1	1	1	1662	1356	32	26	96.781975	19
2	1	137	0	0	0	1755	1346	459	18	-1	
3	1	137	1	0	0	1755	1346	459	18	-1	
4	1	137	1	1	0	1755	1346	459	18	-1	
5	1	137	1	1	1	1755	1347	66	17	91.333435	Fineer
5	1	137	1	1	2	1829	1346	110	18	80.637192	eik|Fineer
5	1	137	1	1	3	1947	1346	110	18	60.834175	eik|Fineer
5	1	137	1	1	4	2066	1346	109	18	67.167366	eik|Fineer
5	1	137	1	1	5	2184	1346	30	18	92.696983	eik
2	1	138	0	0	0	1783	1375	49	17	-1	
3	1	138	1	0	0	1783	1375	49	17	-1	
4	1	138	1	1	0	1783	1375	49	17	-1	
5	1	138	1	1	1	1783	1375	49	17	73.944923	1mm
2	1	139	0	0	0	1901	1375	49	17	-1	
3	1	139	1	0	0	1901	1375	49	17	-1	
4	1	139	1	1	0	1901	1375	49	17	-1	
5	1	139	1	1	1	1901	1375	49	17	73.944923	1mm
2	1	140	0	0	0	2020	1375	48	17	-1	
3	1	140	1	0	0	2020	1375	48	17	-1	
4	1	140	1	1	0	2020	1375	48	17	-1	
5	1	140	1	1	1	2020	1375	48	17	51.220646	1mm
2	1	141	0	0	0	2138	1375	48	17	-1	
3	1	141	1	0	0	2138	1375	48	17	-1	
4	1	141	1	1	0	2138	1375	48	17	-1	
5	1	141	1	1	1	2138	1375	48	17	51.220646	1mm
2	1	142	0	0	0	2238	1360	105	18	-1	
3	1	142	1	0	0	2238	1360	105	18	-1	
4	1	142	1	1	0	2238	1360	105	18	-1	
5	1	142	1	1	1	2238	1360	105	18	92.717186	Standaard
2	1	143	0	0	0	150	1451	27	26	-1	
3	1	143	1	0	0	150	1451	27	26	-1	
4	1	143	1	1	0	150	1451	27	26	-1	
5	1	143	1	1	1	150	1451	27	26	96.688812	11
2	1	144	0	0	0	368	1451	116	30	-1	
3	1	144	1	0	0	368	1451	116	30	-1	
4	1	144	1	1	0	368	1451	116	30	-1	
5	1	144	1	1	1	368	1451	116	30	79.478714	DR_RO4
2	1	145	0	0	0	742	1451	310	31	-1	
3	1	145	1	0	0	742	1451	310	31	-1	
4	1	145	1	1	0	742	1451	310	31	-1	
5	1	145	1	1	1	742	1451	65	26	96.591675	MDF
5	1	145	1	1	2	822	1451	91	26	91.923904	19mm
5	1	145	1	1	3	926	1451	126	31	79.588806	AFQMxB
2	1	146	0	0	0	1239	1451	73	26	-1	
3	1	146	1	0	0	1239	1451	73	26	-1	
4	1	146	1	1	0	1239	1451	73	26	-1	
5	1	146	1	1	1	1239	1451	73	26	95.794106	2596
2	1	147	0	0	0	1439	1451	123	26	-1	
3	1	147	1	0	0	1439	1451	123	26	-1	
4	1	147	1	1	0	1439	1451	123	26	-1	
5	1	147	1	1	1	1439	1451	123	26	94.748901	382.667
2	1	148	0	0	0	1662	1451	32	26	-1	
3	1	148	1	0	0	1662	1451	32	26	-1	
4	1	148	1	1	0	1662	1451	32	26	-1	
5	1	148	1	1	1	1662	1451	32	26	96.715439	19
2	1	149	0	0	0	1755	1441	459	18	-1	
3	1	149	1	0	0	1755	1441	459	18	-1	
4	1	149	1	1	0	1755	1441	459	18	-1	
5	1	149	1	1	1	1755	1442	66	17	91.504044	Fineer
5	1	149	1	1	2	1829	1441	110	18	81.845207	eik|Fineer
5	1	149	1	1	3	1947	1441	110	18	57.120331	eik|Fineer
5	1	149	1	1	4	2066	1441	109	18	77.114220	eik|Fineer
5	1	149	1	1	5	2184	1441	30	18	93.103073	eik
2	1	150	0	0	0	1783	1470	49	17	-1	
3	1	150	1	0	0	1783	1470	49	17	-1	
4	1	150	1	1	0	1783	1470	49	17	-1	
5	1	150	1	1	1	1783	1470	49	17	68.498352	1mm
2	1	151	0	0	0	1901	1470	49	17	-1	
3	1	151	1	0	0	1901	1470	49	17	-1	
4	1	151	1	1	0	1901	1470	49	17	-1	
5	1	151	1	1	1	1901	1470	49	17	68.498352	1mm
2	1	152	0	0	0	2020	1470	48	17	-1	
3	1	152	1	0	0	2020	1470	48	17	-1	
4	1	152	1	1	0	2020	1470	48	17	-1	
5	1	152	1	1	1	2020	1470	48	17	32.248398	1mm
2	1	153	0	0	0	2138	1470	48	17	-1	
3	1	153	1	0	0	2138	1470	48	17	-1	
4	1	153	1	1	0	2138	1470	48	17	-1	
5	1	153	1	1	1	2138	1470	48	17	32.248398	1mm
2	1	154	0	0	0	2238	1455	105	18	-1	
3	1	154	1	0	0	2238	1455	105	18	-1	
4	1	154	1	1	0	2238	1455	105	18	-1	
5	1	154	1	1	1	2238	1455	105	18	92.572365	Standaard
2	1	155	0	0	0	1755	1535	459	18	-1	
3	1	155	1	0	0	1755	1535	459	18	-1	
4	1	155	1	1	0	1755	1535	459	18	-1	
5	1	155	1	1	1	1755	1536	66	17	91.333435	Fineer
5	1	155	1	1	2	1829	1535	110	18	80.637192	eik|Fineer
5	1	155	1	1	3	1947	1535	110	18	60.834175	eik|Fineer
5	1	155	1	1	4	2066	1535	109	18	67.167366	eik|Fineer
5	1	155	1	1	5	2184	1535	30	18	92.696983	eik
2	1	156	0	0	0	150	1545	32	26	-1	
3	1	156	1	0	0	150	1545	32	26	-1	
4	1	156	1	1	0	150	1545	32	26	-1	
5	1	156	1	1	1	150	1545	32	26	96.875992	12
2	1	157	0	0	0	368	1545	116	30	-1	
3	1	157	1	0	0	368	1545	116	30	-1	
4	1	157	1	1	0	368	1545	116	30	-1	
5	1	157	1	1	1	368	1545	116	30	86.279160	DR_RO6
2	1	158	0	0	0	742	1545	310	31	-1	
3	1	158	1	0	0	742	1545	310	31	-1	
4	1	158	1	1	0	742	1545	310	31	-1	
5	1	158	1	1	1	742	1545	65	26	96.421532	MDF
5	1	158	1	1	2	822	1545	91	26	91.900169	19mm
5	1	158	1	1	3	926	1545	126	31	84.461197	AFQMxB
2	1	159	0	0	0	1239	1545	73	26	-1	
3	1	159	1	0	0	1239	1545	73	26	-1	
4	1	159	1	1	0	1239	1545	73	26	-1	
5	1	159	1	1	1	1239	1545	73	26	95.588844	2596
2	1	160	0	0	0	1439	1545	122	26	-1	
3	1	160	1	0	0	1439	1545	122	26	-1	
4	1	160	1	1	0	1439	1545	122	26	-1	
5	1	160	1	1	1	1439	1545	122	26	95.028458	382.666
2	1	161	0	0	0	1662	1545	32	26	-1	
3	1	161	1	0	0	1662	1545	32	26	-1	
4	1	161	1	1	0	1662	1545	32	26	-1	
5	1	161	1	1	1	1662	1545	32	26	96.781975	19
2	1	162	0	0	0	1783	1564	49	17	-1	
3	1	162	1	0	0	1783	1564	49	17	-1	
4	1	162	1	1	0	1783	1564	49	17	-1	
5	1	162	1	1	1	1783	1564	49	17	73.944923	1mm
2	1	163	0	0	0	1901	1564	49	17	-1	
3	1	163	1	0	0	1901	1564	49	17	-1	
4	1	163	1	1	0	1901	1564	49	17	-1	
5	1	163	1	1	1	1901	1564	49	17	73.944923	1mm
2	1	164	0	0	0	2020	1564	48	17	-1	
3	1	164	1	0	0	2020	1564	48	17	-1	
4	1	164	1	1	0	2020	1564	48	17	-1	
5	1	164	1	1	1	2020	1564	48	17	51.220646	1mm
2	1	165	0	0	0	2138	1564	48	17	-1	
3	1	165	1	0	0	2138	1564	48	17	-1	
4	1	165	1	1	0	2138	1564	48	17	-1	
5	1	165	1	1	1	2138	1564	48	17	51.220646	1mm
2	1	166	0	0	0	2238	1549	105	18	-1	
3	1	166	1	0	0	2238	1549	105	18	-1	
4	1	166	1	1	0	2238	1549	105	18	-1	
5	1	166	1	1	1	2238	1549	105	18	92.717186	Standaard
2	1	167	0	0	0	1755	1630	459	18	-1	
3	1	167	1	0	0	1755	1630	459	18	-1	
4	1	167	1	1	0	1755	1630	459	18	-1	
5	1	167	1	1	1	1755	1631	66	17	90.723801	Fineer
5	1	167	1	1	2	1829	1630	110	18	78.868073	eik|Fineer
5	1	167	1	1	3	1947	1630	110	18	55.216824	eik|Fineer
5	1	167	1	1	4	2066	1630	109	18	75.696671	eik|Fineer
5	1	167	1	1	5	2184	1630	30	18	93.082153	eik
2	1	168	0	0	0	150	1640	32	26	-1	
3	1	168	1	0	0	150	1640	32	26	-1	
4	1	168	1	1	0	150	1640	32	26	-1	
5	1	168	1	1	1	150	1640	32	26	96.847794	13
2	1	169	0	0	0	379	1640	94	26	-1	
3	1	169	1	0	0	379	1640	94	26	-1	
4	1	169	1	1	0	379	1640	94	26	-1	
5	1	169	1	1	1	379	1640	94	26	93.116379	Paslat
2	1	170	0	0	0	742	1640	310	31	-1	
3	1	170	1	0	0	742	1640	310	31	-1	
4	1	170	1	1	0	742	1640	310	31	-1	
5	1	170	1	1	1	742	1640	65	26	96.591675	MDF
5	1	170	1	1	2	822	1640	91	26	91.923904	19mm
5	1	170	1	1	3	926	1640	126	31	79.588806	AFQMxB
2	1	171	0	0	0	1239	1640	73	26	-1	
3	1	171	1	0	0	1239	1640	73	26	-1	
4	1	171	1	1	0	1239	1640	73	26	-1	
5	1	171	1	1	1	1239	1640	73	26	96.624786	2770
2	1	172	0	0	0	1473	1640	54	26	-1	
3	1	172	1	0	0	1473	1640	54	26	-1	
4	1	172	1	1	0	1473	1640	54	26	-1	
5	1	172	1	1	1	1473	1640	54	26	96.834923	200
2	1	173	0	0	0	1662	1640	32	26	-1	
3	1	173	1	0	0	1662	1640	32	26	-1	
4	1	173	1	1	0	1662	1640	32	26	-1	
5	1	173	1	1	1	1662	1640	32	26	96.715439	19
2	1	174	0	0	0	1783	1658	49	17	-1	
3	1	174	1	0	0	1783	1658	49	17	-1	
4	1	174	1	1	0	1783	1658	49	17	-1	
5	1	174	1	1	1	1783	1658	49	17	68.498352	1mm
2	1	175	0	0	0	1901	1658	49	17	-1	
3	1	175	1	0	0	1901	1658	49	17	-1	
4	1	175	1	1	0	1901	1658	49	17	-1	
5	1	175	1	1	1	1901	1658	49	17	68.498352	1mm
2	1	176	0	0	0	2020	1658	48	17	-1	
3	1	176	1	0	0	2020	1658	48	17	-1	
4	1	176	1	1	0	2020	1658	48	17	-1	
5	1	176	1	1	1	2020	1658	48	17	32.248398	1mm
2	1	177	0	0	0	2138	1658	48	17	-1	
3	1	177	1	0	0	2138	1658	48	17	-1	
4	1	177	1	1	0	2138	1658	48	17	-1	
5	1	177	1	1	1	2138	1658	48	17	32.248398	1mm
2	1	178	0	0	0	2238	1644	105	18	-1	
3	1	178	1	0	0	2238	1644	105	18	-1	
4	1	178	1	1	0	2238	1644	105	18	-1	
5	1	178	1	1	1	2238	1644	105	18	92.572365	Standaard
2	1	179	0	0	0	150	1734	33	26	-1	
3	1	179	1	0	0	150	1734	33	26	-1	
4	1	179	1	1	0	150	1734	33	26	-1	
5	1	179	1	1	1	150	1734	33	26	96.788063	14
2	1	180	0	0	0	405	1734	40	26	-1	
3	1	180	1	0	0	405	1734	40	26	-1	
4	1	180	1	1	0	405	1734	40	26	-1	
5	1	180	1	1	1	405	1734	40	26	96.739304	RG
2	1	181	0	0	0	742	1734	310	31	-1	
3	1	181	1	0	0	742	1734	310	31	-1	
4	1	181	1	1	0	742	1734	310	31	-1	
5	1	181	1	1	1	742	1734	65	26	96.421532	MDF
5	1	181	1	1	2	822	1734	91	26	91.900169	19mm
5	1	181	1	1	3	926	1734	126	31	84.461197	AFQMxB
2	1	182	0	0	0	1239	1734	73	26	-1	
3	1	182	1	0	0	1239	1734	73	26	-1	
4	1	182	1	1	0	1239	1734	73	26	-1	
5	1	182	1	1	1	1239	1734	73	26	96.925110	2118
2	1	183	0	0	0	1450	1734	103	26	-1	
3	1	183	1	0	0	1450	1734	103	26	-1	
4	1	183	1	1	0	1450	1734	103	26	-1	
5	1	183	1	1	1	1450	1734	103	26	96.216438	1007.7
2	1	184	0	0	0	1662	1734	32	26	-1	
3	1	184	1	0	0	1662	1734	32	26	-1	
4	1	184	1	1	0	1662	1734	32	26	-1	
5	1	184	1	1	1	1662	1734	32	26	96.781975	19
2	1	185	0	0	0	2238	1738	105	18	-1	
3	1	185	1	0	0	2238	1738	105	18	-1	
4	1	185	1	1	0	2238	1738	105	18	-1	
5	1	185	1	1	1	2238	1738	105	18	92.717186	Standaard
2	1	186	0	0	0	1755	1819	459	18	-1	
3	1	186	1	0	0	1755	1819	459	18	-1	
4	1	186	1	1	0	1755	1819	459	18	-1	
5	1	186	1	1	1	1755	1820	66	17	90.723801	Fineer
5	1	186	1	1	2	1829	1819	110	18	78.868073	eik|Fineer
5	1	186	1	1	3	1947	1819	110	18	55.216824	eik|Fineer
5	1	186	1	1	4	2066	1819	109	18	75.696671	eik|Fineer
5	1	186	1	1	5	2184	1819	30	18	93.082153	eik
2	1	187	0	0	0	2238	1819	105	18	-1	
3	1	187	1	0	0	2238	1819	105	18	-1	
4	1	187	1	1	0	2238	1819	105	18	-1	
5	1	187	1	1	1	2238	1819	105	18	92.852036	Standaard
2	1	188	0	0	0	150	1829	32	26	-1	
3	1	188	1	0	0	150	1829	32	26	-1	
4	1	188	1	1	0	150	1829	32	26	-1	
5	1	188	1	1	1	150	1829	32	26	96.993271	15
2	1	189	0	0	0	385	1829	82	26	-1	
3	1	189	1	0	0	385	1829	82	26	-1	
4	1	189	1	1	0	385	1829	82	26	-1	
5	1	189	1	1	1	385	1829	82	26	96.986595	Front
2	1	190	0	0	0	742	1829	310	31	-1	
3	1	190	1	0	0	742	1829	310	31	-1	
4	1	190	1	1	0	742	1829	310	31	-1	
5	1	190	1	1	1	742	1829	65	26	95.516663	MDF
5	1	190	1	1	2	819	1829	94	26	91.336014	23mm
5	1	190	1	1	3	926	1829	126	31	81.026161	AFQMxB
2	1	191	0	0	0	1239	1829	73	26	-1	
3	1	191	1	0	0	1239	1829	73	26	-1	
4	1	191	1	1	0	1239	1829	73	26	-1	
5	1	191	1	1	1	1239	1829	73	26	96.886765	2086
2	1	192	0	0	0	1473	1829	54	26	-1	
3	1	192	1	0	0	1473	1829	54	26	-1	
4	1	192	1	1	0	1473	1829	54	26	-1	
5	1	192	1	1	1	1473	1829	54	26	96.970741	970
2	1	193	0	0	0	1659	1829	34	26	-1	
3	1	193	1	0	0	1659	1829	34	26	-1	
4	1	193	1	1	0	1659	1829	34	26	-1	
5	1	193	1	1	1	1659	1829	34	26	96.906837	23
2	1	194	0	0	0	1783	1847	49	17	-1	
3	1	194	1	0	0	1783	1847	49	17	-1	
4	1	194	1	1	0	1783	1847	49	17	-1	
5	1	194	1	1	1	1783	1847	49	17	68.498352	1mm
2	1	195	0	0	0	1901	1847	49	17	-1	
3	1	195	1	0	0	1901	1847	49	17	-1	
4	1	195	1	1	0	1901	1847	49	17	-1	
5	1	195	1	1	1	1901	1847	49	17	68.498352	1mm
2	1	196	0	0	0	2020	1847	48	17	-1	
3	1	196	1	0	0	2020	1847	48	17	-1	
4	1	196	1	1	0	2020	1847	48	17	-1	
5	1	196	1	1	1	2020	1847	48	17	32.248398	1mm
2	1	197	0	0	0	2138	1847	48	17	-1	
3	1	197	1	0	0	2138	1847	48	17	-1	
4	1	197	1	1	0	2138	1847	48	17	-1	
5	1	197	1	1	1	2138	1847	48	17	32.248398	1mm
2	1	198	0	0	0	2276	1846	32	18	-1	
3	1	198	1	0	0	2276	1846	32	18	-1	
4	1	198	1	1	0	2276	1846	32	18	-1	
5	1	198	1	1	1	2276	1846	32	18	96.970917	Dik
2	1	199	0	0	0	1755	1913	105	18	-1	
3	1	199	1	0	0	1755	1913	105	18	-1	
4	1	199	1	1	0	1755	1913	105	18	-1	
5	1	199	1	1	1	1755	1914	66	17	91.753349	Fineer
5	1	199	1	1	2	1829	1913	31	18	92.640442	eik
2	1	200	0	0	0	2238	1913	105	18	-1	
3	1	200	1	0	0	2238	1913	105	18	-1	
4	1	200	1	1	0	2238	1913	105	18	-1	
5	1	200	1	1	1	2238	1913	105	18	92.717186	Standaard
2	1	201	0	0	0	150	1923	33	26	-1	
3	1	201	1	0	0	150	1923	33	26	-1	
4	1	201	1	1	0	150	1923	33	26	-1	
5	1	201	1	1	1	150	1923	33	26	96.974892	16
2	1	202	0	0	0	362	1923	126	30	-1	
3	1	202	1	0	0	362	1923	126	30	-1	
4	1	202	1	1	0	362	1923	126	30	-1	
5	1	202	1	1	1	362	1923	126	30	92.755905	AANV_R
2	1	203	0	0	0	776	1923	242	26	-1	
3	1	203	1	0	0	776	1923	242	26	-1	
4	1	203	1	1	0	776	1923	242	26	-1	
5	1	203	1	1	1	776	1923	66	26	94.310699	MDF
5	1	203	1	1	2	855	1923	92	26	90.213768	31mm
5	1	203	1	1	3	963	1923	55	26	90.213768	BxB
2	1	204	0	0	0	1207	1923	140	26	-1	
3	1	204	1	0	0	1207	1923	140	26	-1	
4	1	204	1	1	0	1207	1923	140	26	-1	
5	1	204	1	1	1	1207	1923	140	26	91.818527	1019.917
2	1	205	0	0	0	1472	1923	54	26	-1	
3	1	205	1	0	0	1472	1923	54	26	-1	
4	1	205	1	1	0	1472	1923	54	26	-1	
5	1	205	1	1	1	1472	1923	54	26	96.836617	493
2	1	206	0	0	0	1661	1923	28	26	-1	
3	1	206	1	0	0	1661	1923	28	26	-1	
4	1	206	1	1	0	1661	1923	28	26	-1	
5	1	206	1	1	1	1661	1923	28	26	95.788681	31
2	1	207	0	0	0	1783	1942	49	17	-1	
3	1	207	1	0	0	1783	1942	49	17	-1	
4	1	207	1	1	0	1783	1942	49	17	-1	
5	1	207	1	1	1	1783	1942	49	17	73.944923	1mm
2	1	208	0	0	0	2276	1941	32	18	-1	
3	1	208	1	0	0	2276	1941	32	18	-1	
4	1	208	1	1	0	2276	1941	32	18	-1	
5	1	208	1	1	1	2276	1941	32	18	96.982315	Dik
2	1	209	0	0	0	1755	2008	223	18	-1	
3	1	209	1	0	0	1755	2008	223	18	-1	
4	1	209	1	1	0	1755	2008	223	18	-1	
5	1	209	1	1	1	1755	2009	66	17	91.479301	Fineer
5	1	209	1	1	2	1829	2008	110	18	82.453804	eik|Fineer
5	1	209	1	1	3	1947	2008	31	18	93.263832	eik
2	1	210	0	0	0	2238	2008	105	18	-1	
3	1	210	1	0	0	2238	2008	105	18	-1	
4	1	210	1	1	0	2238	2008	105	18	-1	
5	1	210	1	1	1	2238	2008	105	18	92.852036	Standaard
2	1	211	0	0	0	150	2018	33	26	-1	
3	1	211	1	0	0	150	2018	33	26	-1	
4	1	211	1	1	0	150	2018	33	26	-1	
5	1	211	1	1	1	150	2018	33	26	96.797318	17
2	1	212	0	0	0	407	2018	37	26	-1	
3	1	212	1	0	0	407	2018	37	26	-1	
4	1	212	1	1	0	407	2018	37	26	-1	
5	1	212	1	1	1	407	2018	37	26	96.989624	BC
2	1	213	0	0	0	776	2018	242	26	-1	
3	1	213	1	0	0	776	2018	242	26	-1	
4	1	213	1	1	0	776	2018	242	26	-1	
5	1	213	1	1	1	776	2018	66	26	94.979912	MDF
5	1	213	1	1	2	855	2018	92	26	90.379150	31mm
5	1	213	1	1	3	963	2018	55	26	89.969284	BxB
2	1	214	0	0	0	1214	2018	122	26	-1	
3	1	214	1	0	0	1214	2018	122	26	-1	
4	1	214	1	1	0	1214	2018	122	26	-1	
5	1	214	1	1	1	1214	2018	122	26	95.794594	837.333
2	1	215	0	0	0	1474	2018	52	26	-1	
3	1	215	1	0	0	1474	2018	52	26	-1	
4	1	215	1	1	0	1474	2018	52	26	-1	
5	1	215	1	1	1	1474	2018	52	26	96.463173	509
2	1	216	0	0	0	1661	2018	28	26	-1	
3	1	216	1	0	0	1661	2018	28	26	-1	
4	1	216	1	1	0	1661	2018	28	26	-1	
5	1	216	1	1	1	1661	2018	28	26	95.654724	31
2	1	217	0	0	0	1783	2036	49	17	-1	
3	1	217	1	0	0	1783	2036	49	17	-1	
4	1	217	1	1	0	1783	2036	49	17	-1	
5	1	217	1	1	1	1783	2036	49	17	68.498352	1mm
2	1	218	0	0	0	1901	2036	49	17	-1	
3	1	218	1	0	0	1901	2036	49	17	-1	
4	1	218	1	1	0	1901	2036	49	17	-1	
5	1	218	1	1	1	1901	2036	49	17	68.498352	1mm
2	1	219	0	0	0	2276	2035	32	18	-1	
3	1	219	1	0	0	2276	2035	32	18	-1	
4	1	219	1	1	0	2276	2035	32	18	-1	
5	1	219	1	1	1	2276	2035	32	18	96.970917	Dik
2	1	220	0	0	0	1755	2102	223	18	-1	
3	1	220	1	0	0	1755	2102	223	18	-1	
4	1	220	1	1	0	1755	2102	223	18	-1	
5	1	220	1	1	1	1755	2103	66	17	90.549896	Fineer
5	1	220	1	1	2	1829	2102	110	18	84.359940	eik|Fineer
5	1	220	1	1	3	1947	2102	31	18	93.255829	eik
2	1	221	0	0	0	2238	2102	105	18	-1	
3	1	221	1	0	0	2238	2102	105	18	-1	
4	1	221	1	1	0	2238	2102	105	18	-1	
5	1	221	1	1	1	2238	2102	105	18	92.717186	Standaard
2	1	222	0	0	0	150	2112	33	26	-1	
3	1	222	1	0	0	150	2112	33	26	-1	
4	1	222	1	1	0	150	2112	33	26	-1	
5	1	222	1	1	1	150	2112	33	26	96.937141	18
2	1	223	0	0	0	407	2112	37	26	-1	
3	1	223	1	0	0	407	2112	37	26	-1	
4	1	223	1	1	0	407	2112	37	26	-1	
5	1	223	1	1	1	407	2112	37	26	96.966049	BC
2	1	224	0	0	0	776	2112	242	26	-1	
3	1	224	1	0	0	776	2112	242	26	-1	
4	1	224	1	1	0	776	2112	242	26	-1	
5	1	224	1	1	1	776	2112	66	26	94.310699	MDF
5	1	224	1	1	2	855	2112	92	26	90.213768	31mm
5	1	224	1	1	3	963	2112	55	26	90.213768	BxB
2	1	225	0	0	0	1214	2112	122	26	-1	
3	1	225	1	0	0	1214	2112	122	26	-1	
4	1	225	1	1	0	1214	2112	122	26	-1	
5	1	225	1	1	1	1214	2112	122	26	94.902092	739.333
2	1	226	0	0	0	1474	2112	52	26	-1	
3	1	226	1	0	0	1474	2112	52	26	-1	
4	1	226	1	1	0	1474	2112	52	26	-1	
5	1	226	1	1	1	1474	2112	52	26	96.883293	599
2	1	227	0	0	0	1661	2112	28	26	-1	
3	1	227	1	0	0	1661	2112	28	26	-1	
4	1	227	1	1	0	1661	2112	28	26	-1	
5	1	227	1	1	1	1661	2112	28	26	95.788681	31
2	1	228	0	0	0	1783	2131	49	17	-1	
3	1	228	1	0	0	1783	2131	49	17	-1	
4	1	228	1	1	0	1783	2131	49	17	-1	
5	1	228	1	1	1	1783	2131	49	17	73.944923	1mm
2	1	229	0	0	0	1901	2131	49	17	-1	
3	1	229	1	0	0	1901	2131	49	17	-1	
4	1	229	1	1	0	1901	2131	49	17	-1	
5	1	229	1	1	1	1901	2131	49	17	73.944923	1mm
2	1	230	0	0	0	2276	2130	32	18	-1	
3	1	230	1	0	0	2276	2130	32	18	-1	
4	1	230	1	1	0	2276	2130	32	18	-1	
5	1	230	1	1	1	2276	2130	32	18	96.982315	Dik
2	1	231	0	0	0	1755	2197	223	18	-1	
3	1	231	1	0	0	1755	2197	223	18	-1	
4	1	231	1	1	0	1755	2197	223	18	-1	
5	1	231	1	1	1	1755	2198	66	17	91.479301	Fineer
5	1	231	1	1	2	1829	2197	110	18	82.453804	eik|Fineer
5	1	231	1	1	3	1947	2197	31	18	93.263832	eik
2	1	232	0	0	0	2238	2197	105	18	-1	
3	1	232	1	0	0	2238	2197	105	18	-1	
4	1	232	1	1	0	2238	2197	105	18	-1	
5	1	232	1	1	1	2238	2197	105	18	92.852036	Standaard
2	1	233	0	0	0	150	2207	32	26	-1	
3	1	233	1	0	0	150	2207	32	26	-1	
4	1	233	1	1	0	150	2207	32	26	-1	
5	1	233	1	1	1	150	2207	32	26	96.733444	19
2	1	234	0	0	0	407	2207	37	26	-1	
3	1	234	1	0	0	407	2207	37	26	-1	
4	1	234	1	1	0	407	2207	37	26	-1	
5	1	234	1	1	1	407	2207	37	26	96.989624	BC
2	1	235	0	0	0	776	2207	242	26	-1	
3	1	235	1	0	0	776	2207	242	26	-1	
4	1	235	1	1	0	776	2207	242	26	-1	
5	1	235	1	1	1	776	2207	66	26	94.979912	MDF
5	1	235	1	1	2	855	2207	92	26	90.379150	31mm
5	1	235	1	1	3	963	2207	55	26	89.969284	BxB
2	1	236	0	0	0	1249	2207	53	26	-1	
3	1	236	1	0	0	1249	2207	53	26	-1	
4	1	236	1	1	0	1249	2207	53	26	-1	
5	1	236	1	1	1	1249	2207	53	26	96.938637	996
2	1	237	0	0	0	1472	2207	55	26	-1	
3	1	237	1	0	0	1472	2207	55	26	-1	
4	1	237	1	1	0	1472	2207	55	26	-1	
5	1	237	1	1	1	1472	2207	55	26	96.851852	420
2	1	238	0	0	0	1661	2207	28	26	-1	
3	1	238	1	0	0	1661	2207	28	26	-1	
4	1	238	1	1	0	1661	2207	28	26	-1	
5	1	238	1	1	1	1661	2207	28	26	95.654724	31
2	1	239	0	0	0	1783	2225	49	17	-1	
3	1	239	1	0	0	1783	2225	49	17	-1	
4	1	239	1	1	0	1783	2225	49	17	-1	
5	1	239	1	1	1	1783	2225	49	17	68.498352	1mm
2	1	240	0	0	0	1901	2225	49	17	-1	
3	1	240	1	0	0	1901	2225	49	17	-1	
4	1	240	1	1	0	1901	2225	49	17	-1	
5	1	240	1	1	1	1901	2225	49	17	68.498352	1mm
2	1	241	0	0	0	2276	2224	32	18	-1	
3	1	241	1	0	0	2276	2224	32	18	-1	
4	1	241	1	1	0	2276	2224	32	18	-1	
5	1	241	1	1	1	2276	2224	32	18	96.970917	Dik
2	1	242	0	0	0	123	2327	671	30	-1	
3	1	242	1	0	0	123	2327	671	30	-1	
4	1	242	1	1	0	123	2327	671	30	-1	
5	1	242	1	1	1	123	2327	415	30	31.917633	0411_MO007199_Hoekdressing
5	1	242	1	1	2	551	2339	6	3	93.108734	-
5	1	242	1	1	3	571	2327	147	30	92.580368	opklapbed
5	1	242	1	1	4	730	2327	64	29	96.535400	(4-7)
2	1	243	0	0	0	3191	2325	188	33	-1	
3	1	243	1	0	0	3191	2325	188	33	-1	
4	1	243	1	1	0	3191	2325	188	33	-1	
5	1	243	1	1	1	3191	2325	73	33	96.664070	Page
5	1	243	1	1	2	3277	2325	16	26	95.932655	2
5	1	243	1	1	3	3306	2325	32	26	96.740578	of
5	1	243	1	1	4	3350	2325	29	26	96.798882	21
