;Materiaal;Dikte;Nerf;Lengte;Breedte;Aantal platen;Referentie;Bemerking;Referentie nummer
1;Massief Am eik 45;45;H;3050;1300;99;;;100002
2;Massief Am eik 09;9;H;3050;1300;104;;;100003
3;Massief eik uitval 20;20;H;3050;1300;100;;;100004
4;Massief eik uitval 30;30;H;3050;1300;100;;;100005
5;Massief eik uitval 40;40;H;3050;1300;99;;;100006
6;Massief Am eik 28;28;H;3050;1300;97;;;100007
7;Massief Am eik 14;14;H;3050;1300;103;;;100008
8;Massief Am eik 21;21;H;3050;1300;98;;;100009
9;Massief eik uitval 25;25;H;3050;1300;100;;;100010
10;Massief Am eik 20;20;H;3050;1300;98;;;100011
11;Massief Am eik 23;23;H;3050;1300;97;;;100012
12;Massief eik uitval 15;15;H;3050;1300;99;;;100013
13;Massief eik uitval 24;24;H;3050;1300;99;;;100014
14;Massief Am eik 07;7;H;3050;1300;100;;;100015
15;Massief Am eik 18;18;H;3050;1300;88;;;100016
16;Massief Am eik 50;50;H;3050;1300;99;;;100017
17;Massief Am eik 53;53;H;3050;1300;99;;;100019
18;Massief Am eik 15;15;H;3050;1300;99;;;100020
19;Massief Am eik 29;29;H;3050;1300;99;;;100021
20;Massief eik uitval 46;46;H;3050;1300;100;;;100022
21;Massief Am eik 19;19;H;3050;1300;107;;;100023
22;Massief Am eik 11;11;H;3050;1300;99;;;100024
23;Massief Am eik 10;10;H;3050;1300;99;;;100025
24;Massief Am eik 25;25;H;3050;1300;100;;;100026
25;Massief Am eik 30;30;H;3050;1300;100;;;100027
26;Massief Am eik 20.5;20.5;H;3050;1300;99;;;100029
27;Massief Am eik 13;13;H;3050;1300;100;;;100030
28;Massief eik uitval 65;65;H;3050;1300;99;;;100031
29;Massief eik uitval 38;38;H;3050;1300;99;;;100032
30;Massief Am eik 32;32;H;3050;1300;100;;;100033
31;Massief Am eik 44;44;H;3050;1300;100;;;100034
32;Massief Eik uitval 21;21;H;3050;1300;100;;;100035
33;Glas 4mm;4;A;3050;3050;100;;glas;100036
34;Massief Eik uitval 12;12;H;3050;3050;100;;;100037
35;Massief Am eik 42;42;H;3050;3050;100;;;100038
36;HDF 4 zwart;4;A;2800;2070;42;150;;150
37;MULTI POP 20mm;20;A;2500;1220;0;250;GP0008005;250
38;MULTI BERK 15mm;15;A;2500;1250;25;252;GP00008287;252
39;Metaal 2.5mm;2.5;A;2500;1250;100;;;100039
40;MULTI BERK 24mm;24;H;2500;1250;4;253;GP00008264;253
41;Dekplaat MDF 10MM;10;A;2800;2070;2;26;Dekplaat;26
42;MULTI BERK 22mm;22;A;2500;1250;0;255;GP00008546;255
43;HDF 3 ZwartxBrut;3;A;2800;2070;5;151;GP00031167;151
44;Massief Am eik 26;26;H;3050;1300;100;;;100040
45;Dekplaat MDF 4MM;4;A;2800;2070;7;29;Dekplaat;29
46;BRUT MDF 12MM ZWART;12;A;3050;1220;6;125;GP00031312;125
47;MDF 13mm AFQMxB;13;H;2800;2070;6;620;GP00031211;620
48;MDF 17mm AFQMxAFQM;17;H;2800;2070;20;630;GP00031221;630
49;MDF 19mm EikAwerenxB;19;H;2800;2070;9;640;GP00031231;640
50;MDF Zwart 19mm KrakAwxB;19;H;2445;800;0;670;GP00031233_Reststrook;672
51;MDF Zwart 31mm KrakAwxB;31;H;2800;1400;10;680;GP00031262;680
52;HSP 17mm BxB;17;H;2800;2070;1;710;GP00031220;710
53;HSP 19mm BxB;19;H;2800;2070;11;720;GP00031230;720
54;HSP 23mm BxB;23;H;2800;2070;21;730;GP00031250;730
55;Massief Am eik 70;70;H;3050;1250;99;;;100041
56;Massief eik uitval 36;36;H;3050;1250;100;;;100043
57;Massief eik uitval 17;17;H;3050;1300;100;;;100044
58;Massief Am eik 39;39;H;3050;1250;99;;;100045
59;Massief Am eik 64;64;H;3050;1250;100;;;100046
60;MDF 31mm AFQMxAFQM;31;H;2800;2070;0;666;GP00031264;666
61;MDF 23mm AFQMxAFQM;23;H;2800;2070;1;661;GP00031252;661
62;MDF 31mm BxB;31;H;2800;2070;15;667;GP00031235;667
63;MDF 23mm BxB;23;H;2800;2070;5;662;GP00031253;662
64;MDF 18mm MAPO wit;18;A;2440;1220;100;;;100048
65;MDF 31mm BxB;31;H;3050;1220;0;667;GP00031235;668
66;Basisplaat Altura;19;H;3050;1250;85;;;100049
67;Metaal 15mm;15;A;3050;2070;100;;;100050
68;LED strip;5;A;3050;2070;100;;LED;100051
69;Metaal 9mm;9;A;3050;2070;100;;;100052
70;Massief Am eik 52;52;H;3050;2070;100;;;100053
71;Carbon_Buis;8;A;1200;10;10;;;100054
72;MDF 5mm BxB;5;H;1800;630;0;610;Reststrook GP00031201;506
73;MDF 5mm BxB;5;H;2300;630;0;610;Reststrook GP00031201;507
74;MDF 5mm BxB;5;H;2800;630;0;610;;508
75;MDF 13mm AFQMxB;13;H;1800;630;1;620;Reststrook GP00031211;512
76;MDF 13mm AFQMxB;13;H;2300;630;0;620;Reststrook GP00031211;513
77;MDF 13mm AFQMxB;13;H;2800;630;10;620;Reststrook GP00031211;514
78;MDF 17mm AFQMxAFQM;17;H;1800;630;1;630;Reststrook GP00031221;515
79;MDF 17mm AFQMxAFQM;17;H;2300;630;0;630;Reststrook GP00031221;516
80;MDF 17mm AFQMxAFQM;17;H;2800;630;1;630;Reststrook GP00031221;517
81;MDF 19mm EikAwerenxB;19;H;1800;630;6;640;Reststrook GP00031231;518
82;MDF 19mm EikAwerenxB;19;H;2300;630;0;640;Reststrook GP00031231;519
83;MDF 19mm EikAwerenxB;19;H;2800;630;8;640;Reststrook GP00031231;520
84;MDF 23mm AFQMxB;23;H;1800;630;0;660;Reststrook GP00031251;524
85;MDF 23mm AFQMxB;23;H;2300;630;0;660;Reststrook GP00031251;525
86;MDF 23mm AFQMxB;23;H;2800;630;1;660;Reststrook GP00031251;526
87;MDF 23mm AFQMxAFQM;23;H;1800;630;0;661;Reststrook GP00031252;527
88;MDF 23mm AFQMxAFQM;23;H;2300;630;0;661;Reststrook GP00031252;528
89;MDF 23mm AFQMxAFQM;23;H;2800;630;2;661;Reststrook GP00031252;529
90;MDF 23mm BxB;23;H;1800;630;3;662;Reststrook GP00031253;530
91;MDF 23mm BxB;23;H;2300;630;0;662;Reststrook GP00031253;531
92;MDF 23mm BxB;23;H;2800;630;10;662;Reststrook GP00031253;532
93;MDF Zwart 19mm KrakAwxB;19;H;1800;630;1;670;Reststrook GP00031233;533
94;MDF Zwart 19mm KrakAwxB;19;H;2300;630;0;670;Reststrook GP00031233;534
95;MDF Zwart 19mm KrakAwxB;19;H;2800;630;0;670;Reststrook GP00031233;535
96;MDF 31mm AFQMxAFQM;31;H;1800;630;0;666;Reststrook GP00031264;539
97;MDF 31mm AFQMxAFQM;31;H;2300;630;0;666;Reststrook GP00031264;540
98;MDF 31mm AFQMxAFQM;31;H;2800;630;2;666;Reststrook GP00031264;541
99;MDF 31mm BxB;31;H;1800;630;0;667;Reststrook GP00031235;542
100;MDF 31mm BxB;31;H;2300;630;0;667;Reststrook GP00031235;543
101;MDF 31mm BxB;31;H;2800;630;0;667;Reststrook GP00031235;544
102;MDF Zwart 31mm KrakAwxB;31;H;1800;630;0;680;Reststrook GP00031262;545
103;MDF Zwart 31mm KrakAwxB;31;H;2300;630;0;680;Reststrook GP00031262;546
104;MDF Zwart 31mm KrakAwxB;31;H;2800;630;0;680;Reststrook GP00031262;547
105;HSP 17mm BxB;17;H;1800;630;0;710;Reststrook GP00031220;554
106;HSP 17mm BxB;17;H;2300;630;0;710;Reststrook GP00031220;555
107;HSP 17mm BxB;17;H;2800;630;0;710;Reststrook GP00031220;556
108;HSP 19mm BxB;19;H;1800;630;0;720;Reststrook GP00031230;557
109;HSP 19mm BxB;19;H;2300;630;0;720;Reststrook GP00031230;558
110;HSP 19mm BxB;19;H;2800;630;0;720;Reststrook GP00031230;559
111;HSP 23mm BxB;23;H;1800;630;0;730;Reststrook GP00031250;563
112;HSP 23mm BxB;23;H;2300;630;0;730;Reststrook GP00031250;564
113;HSP 23mm BxB;23;H;2800;630;0;730;Reststrook GP00031250;565
114;MDF 19mm AFQMxB;19;H;1800;630;0;650;Reststrook GP00031232;521
115;MDF 19mm AFQMxB;19;H;2300;630;0;650;Reststrook GP00031232;522
116;MDF 19mm AFQMxB;19;H;2800;630;1;650;Reststrook GP00031232;523
117;MDF 19mm AFQMxB;19;H;2800;2070;13;650;GP00031232;650
118;MDF 13mm BxB;13;H;1800;630;0;621;Reststrook GP00031210;551
119;MDF 13mm BxB;13;H;2300;630;0;621;Reststrook GP00031210;552
120;MDF 13mm BxB;13;H;2800;630;1;621;Reststrook GP00031210;553
121;MDF 13mm BxB;13;H;3050;1220;3;621;GP00031210;621
122;MDF Zwart 31mm KrakAwxB;31;H;2800;1240;31;680;GP00031262;681
123;MDF Zwart 31mm KrakAwxB;31;H;2800;830;22;680;GP00031263;682
124;MDF Zwart 19mm NOOTxNOOT;19;H;3050;1270;6;675;GP00031192;675
125;MDF 4mm NOOTxNOOT;4;H;3050;1250;12;602;GP00030992;602
126;MDF Zwart 13mm NOOTxNOOT;13;H;3050;1220;3;624;GP00030993;624
127;Massief Am eik 04;4;H;3000;44;10;;;100055
128;Dummy 19mm;19;H;2800;2070;98;;;100155
129;Dummy 09mm;9;A;2800;2070;89;;;100057
130;Dummy 11mm;11;H;3050;1300;100;;;100058
131;Dummy 29mm;29;H;3050;1300;100;;;100059
132;Dummy 21mm;21;H;3050;1300;100;;;100060
133;Dekplaat MDF 8MM;8;A;2800;2070;22;27;Dekplaat;27
134;Massief Am eik 35;35;H;3050;2070;92;;;100061
135;Basisplaat C Bloom;19;H;1430;704;100;;GB00090662;100062
136;MDF Zwart 19mm KrakAwxB;19;H;1835;800;28;670;Reststrook GP00031233;671
137;BRUT MDF 18MM;18;A;2800;2070;0;132;GP00031190;133
138;Basisplaat Caress;19;H;2431;474;100;;;100063
139;Massief Am eik 05;5;H;3050;120;100;;;100064
140;BRUT MDF 18MM GROEN;18;A;3050;1220;2;134;;134
141;Dekplaat MDF 19MM;19;A;2800;2070;26;28;Dekplaat;28
142;Dummy 18mm;18;A;2800;2070;87;;;100065
143;Dummy 12mm;12;H;2800;2070;95;;;100066
144;Dummy 32mm;32;H;3050;2070;97;;;100067
145;Dummy 28mm;28;H;2800;2070;98;;;100068
146;Dummy 22mm;22;A;2800;2070;88;;;100069
147;MDF 31mm AFQMxB;31;H;2800;2070;3;665;GP00031236;665
148;MULTI 18mm Sokkel;18;A;2440;1220;0;256;;256
149;Dummy 16mm;16;H;2800;1250;98;;;100071
150;Dummy 07mm;7;H;2800;1250;100;;;100072
151;Dummy 13mm;13;H;2800;2070;97;;;100073
152;MULTI 15mm Sokkel;15;A;2440;1220;0;257;;257
153;Dummy 39mm;39;H;2800;2070;99;;;100074
154;Dekplaat HSP 12MM melamine;12;A;2505;1250;0;24;dekplaat;24
155;Dummy 23mm;23;H;2800;2070;95;;;100075
156;Dummy 26mm;26;H;3050;1250;98;;;100076
157;Dummy 31mm;31;H;2800;2070;82;;;100077
158;Dummy 10mm;10;H;3050;1250;79;;;100078
159;Dummy 05mm;5;H;3050;1250;91;;;100079
160;Massief Am eik 08;8;H;3050;1300;100;;;100080
161;MDF 19-18mm Uitval;19;H;2800;2070;84;;;100081
162;MDF 19mm AFQMxB S1-S5;19;H;2550;1250;0;720;;655
163;MDF 23mm NootxNoot;23;H;3050;1250;1;411;GP00030995;411
164;Dummy 30mm;30;A;2800;2070;91;;;100082
165;Dummy 20mm;20;A;3050;2070;99;;;100083
166;Dummy 21mm Glasdeur;21;A;3050;2070;99;;glasdeur;100085
167;Dummy 40mm;40;H;2800;2070;100;;;100099
168;Massief Am eik 03;3;H;3050;1300;100;;;100101
169;Dummy 90mm;90;H;2800;2070;100;;;100102
170;Dummy 51mm;51;H;3520;2070;98;;;100103
171;Dekplaat HSP 12MM;12;A;2800;1240;0;30;dekplaat;30
172;Dummy 03mm;3;H;2800;2070;98;;;100104
173;FineerPlaat AFQMxB 23mm A Intense;23;H;2650;469;24;691;;691
174;Dummy 60mm;60;H;2800;2070;100;;;100105
175;Dummy 56mm;56;H;2800;2070;100;;;100106
176;Dummy 46mm;46;H;2800;2070;100;;;100107
177;Dummy 27mm;27;H;2800;2070;100;;;100108
178;Dummy 36mm;36;H;2800;2070;100;;;100110
179;Dummy 15mm;15;H;2800;2070;96;;;100111
180;Dummy 38mm;38;A;2800;2070;95;;;100112
181;Dummy 34mm;34;H;2800;2070;100;;;100113
182;Dummy 24mm;24;H;2800;2070;100;;;100114
183;Dummy 08mm;8;A;2800;2070;100;;;100115
184;Dummy 41mm;41;H;2800;2070;100;;;100116
185;Dummy 37mm;37;H;2800;2070;100;;;100117
186;Dummy 35mm;35;H;2800;2070;100;;;100118
187;Dummy 33mm;33;H;2800;2070;100;;;100119
188;Dummy 25mm;25;H;2800;2070;96;;;100120
189;Dummy 17mm;17;H;2800;2070;100;;;100121
190;Dummy 14mm;14;H;2800;2070;100;;;100122
191;Dummy 06mm;6;A;2800;2070;84;;;100123
192;Dummy 04mm;4;H;2800;2070;99;;;100124
193;Massief_PM077x10ZL;10;H;1400;77;100;;;100125
194;Massief_PM040x12KL;12;H;1000;40;100;;;100126
195;Massief_PM___x14ZS;14;H;1250;206;96;;;100127
196;Massief_PM090x15AS;15;H;1250;90;100;;;100128
197;Massief_PM106x15ZS;15;H;1250;106;100;;;100129
198;Massief_PM120x15AS;15;H;1250;120;100;;;100130
199;Massief_PM142x15ZS;15;H;1250;142;100;;;100131
200;Massief_PM018x18PD;18;H;2100;18;100;;;100132
201;Massief_PM052x19TT;19;H;2500;52;100;;;100133
202;Massief_PM072x19TG;19;H;1300;72;99;;;100134
203;Massief_PM072x19TT;19;H;2500;72;100;;;100135
204;Massief_PM020x20ML;20;H;2500;20;100;;;100136
205;Massief_PM052x20AV;20;H;1000;52;100;;;100137
206;Massief_PM032x21OP;21;H;3050;32;98;;;100138
207;Massief_PM042x21VT;21;H;1200;42;100;;;100139
208;Massief_PM050x21GV;21;H;1250;50;100;;;100140
209;Massief_PM050x21TS;21;H;1000;50;100;;;100141
210;Massief_PM060x21VT;21;H;2250;60;100;;;100142
211;Massief_PM062x21TT;21;H;2250;62;100;;;100143
212;Massief_PM072x21AT;21;H;2500;72;100;;;100144
213;Massief_PM070x21TT;21;H;2500;70;100;;;100145
214;Massief_PM082x21TB;21;H;2500;82;99;;;100146
215;Massief_PM456x21PP;21;H;1250;465;100;;;100147
216;Massief_PM120x21TB;21;H;2500;120;100;;;100148
217;Massief_PM030x30ML;30;H;2500;30;97;;;100149
218;Massief_PM038x38PT;38;H;600;38;100;;;100150
219;Massief_PM029x07AL;7;H;550;29;100;;;100151
220;Massief_PM052x52VP;52;H;1576;52;100;;;100152
221;MDF Zwart 19mm BxB Japandi;19;H;2800;2070;5;645;GP00031138;645
222;Massief_PM015x15ML;15;H;1500;15;100;;;100153
223;Massief_PM063x05VG;5;H;2900;63;100;;;100154
224;MDF Zwart 31mm KrakAwxB;31;H;910;820;1;680;;10373
225;MDF Zwart 31mm KrakAwxB;31;H;640;1230;1;680;;10374
226;MDF Zwart 31mm KrakAwxB;31;H;2240;340;1;680;;10375
227;Massief_PM045x45SP;45;H;3050;45;100;;;100156
228;MDF Zwart 19mm BxB Japandi;19;H;860;570;1;645;;10429
229;Dummy 02mm;2;H;2800;2070;100;;;100157
230;MDF Zwart 19mm BxB Japandi;19;H;1170;1110;1;645;;10573
231;MDF 31mm AFQMxB;31;H;1800;630;0;665;Reststrook GP00031236;536
232;MDF 31mm AFQMxB;31;H;2300;630;0;665;Reststrook GP00031236;537
233;MDF 31mm AFQMxB;31;H;2800;630;2;665;Reststrook GP00031236;538
234;MDF Zwart 19mm KrakAwxB;19;H;2800;1240;0;670;GP00031233;670
235;Massief_PM035x25VT;25;H;1276;35;100;;bamboe;100160
236;Massief_PM568x21VT;21;H;731;568;100;;Vitri_Br_Deur;100161
237;Massief_PM426x21VT;21;H;1276;426;100;;Vitri_Sm_deur;100162
238;Massief_PM365x21VT;21;H;1276;365;100;;Vitri_Zij;100163
239;Massief_PM032x21KL;21;H;1080;32;100;;Klamp;100164
240;Massief_PM040x26VT;26;H;1240;40;100;;Vitri_Stijl;100165
241;Massief_PM060x20BX;20;H;1000;50;100;;;100166
242;MDF 31mm NOOTxNOOT;31;H;3050;1260;2;669;GP00030996;669
243;Dummy 48mm;48;H;2800;2070;98;;;100167
244;BRUT MDF 18mm ZWART;18;A;3050;2070;98;;;100169
245;MULTI POP 10mm;10;A;2500;1220;5;0;;249
246;MULTI BERK 20mm;20;A;2500;1250;10;254;;254
247;MDF Zwart 31mm KrakAwxB;31;H;770;1240;1;680;;10927
248;MDF Zwart 31mm KrakAwxB;31;H;1610;360;1;680;;10988
249;HSP 28mm BULO;28;H;2800;2070;0;723;;723
250;MDF Zwart 19mm BxB Japandi;19;H;785;1205;1;645;;11040
251;MDF 26mm AFQMxB;26;H;3050;1220;0;664;;664
252;MDF Zwart 31mm KrakAwxB;31;H;570;1235;1;680;;11103
253;MDF Zwart 31mm KrakAwxB;31;H;2210;395;1;680;;11104
254;Dummy 58mm;58;H;2800;2070;0;;;100170
255;Dummy 19mm NOOTxNOOT;19;H;3600;1220;0;;;100171
256;BRUT MDF 30MM;30;A;2800;2070;0;140;GB00031307;140
257;FineerPlaat AFQMxB 19mm Int bloom;19;H;1835;469;20;692;GP00031265;692
258;FineerPlaat AFQMxB 19mm Int bloom;19;H;3045;469;13;692;GP00031266;693
259;Dummy 80mm;80;H;2800;2070;0;;;100172
260;MDF Zwart 20mm BxB Japandi;20;H;2800;2070;10;646;;646
261;Bodem 3050x1300;19;A;3050;1300;15;9;;9
262;Bodem 2800x800;8;A;2800;800;1;10;;10
263;MDF 23mm AFQMxB;23;H;2800;2070;8;660;;660
264;Bodem 3050x800;10;A;3050;800;0;8;;8
265;Bodem 2800x1250;8;A;2800;2070;4;12;;12
266;Dekplaat 3050x1300;23;A;3050;1300;1;23;;23
267;OPGELET PLAATS NIET AANPASSEN BLUSVAT;1;A;2800;1575;1;999;;999
268;BRUT MDF 6MM;6;A;2440;1220;5;120;standaardplaat;120
269;MDF Zwart 19mm NOOTxNOOT;19;H;3050;1220;3;675;;676
270;BRUT MDF 3MM;3;A;3050;2100;2;100;;101
271;BRUT MDF 9MM GROEN;9;A;3050;1220;1;122;;122
272;BRUT MDF 30MM GROEN;30;A;3050;1220;1;136;;136
273;BRUT MDF 38MM GROEN;38;A;3050;1220;0;144;;144
274;Dummy 50mm;50;H;2800;2070;98;;;100173
275;BRUT MDF 28MM;28;A;3050;1220;93;;;100174
276;Dummy 85mm;85;H;2800;2070;100;;;100175
277;Dummy 19.5mm SCRATCH;19.5;H;3050;1250;100;;;100176
278;Dummy 31.5mm SCRATCH;31.5;H;3050;1250;100;;;100177
279;Dummy 51.5mm SCRATCH;51.5;H;3050;1250;100;;;100178
280;MDF 23mm NootxNoot;23;H;1495;430;1;411;;11530
281;MDF 23mm NootxNoot;23;H;3050;800;1;411;;11533
282;MDF 4mm NOOTxNOOT;4;H;1800;630;0;602;Reststrook GP00030992;500
283;MDF 4mm NOOTxNOOT;4;H;2300;630;0;602;Reststrook GP00030992;501
284;MDF 4mm NOOTxNOOT;4;H;2800;630;0;602;Reststrook GP00030992;502
285;MDF Zwart 13mm NOOTxNOOT;13;H;1800;630;0;624;Reststrook  GP00030993;509
286;MDF Zwart 13mm NOOTxNOOT;13;H;2300;630;0;624;Reststrook  GP00030993;510
287;MDF Zwart 13mm NOOTxNOOT;13;H;2800;630;0;624;Reststrook  GP00030993;511
288;MDF 31mm NOOTxNOOT;31;H;1800;630;0;669;Reststrook  GP00030996;548
289;MDF 31mm NOOTxNOOT;31;H;2300;630;0;669;Reststrook  GP00030996;549
290;MDF 31mm NOOTxNOOT;31;H;2800;630;0;669;Reststrook  GP00030996;550
291;Mdf zwart 19mm BXB japandi;19;H;1800;630;0;401;Reststrook  GP00031138;560
292;Mdf zwart 19mm BXB japandi;19;H;2300;630;0;401;Reststrook  GP00031138;561
293;Mdf zwart 19mm BXB japandi;19;H;2800;630;6;401;Reststrook  GP00031138;562
294;MDF 23mm NOOTxNOOT;23;H;1800;630;0;411;Reststrook  GP00030995;566
295;MDF 23mm NOOTxNOOT;23;H;2300;630;0;411;Reststrook  GP00030995;567
296;MDF 23mm NOOTxNOOT;23;H;2800;630;0;411;Reststrook  GP00030995;568
297;MDF Zwart 19mm NOOTxNOOT;19;H;1800;630;0;412;Reststrook  GP00031192;569
298;MDF Zwart 19mm NOOTxNOOT;19;H;2300;630;0;412;Reststrook  GP00031192;570
299;MDF Zwart 19mm NOOTxNOOT;19;H;2800;630;1;412;Reststrook  GP00031192;571
300;MDF 19MM EikAwerenxBweinig weren;19;H;2800;2070;0;641;;641
301;HSP 23mm BxB;23;H;1105;560;1;730;;11138
302;HSP 23mm BxB;23;H;839;800;1;730;;11168
303;HSP 23mm BxB;23;H;1100;570;1;730;;11182
304;MDF 32mm SCRATCH;32;H;3050;1270;0;603;;603
305;Dummy 150mm;150;H;2800;2070;100;;;100179
306;Dekplaat HSP 12MM;12;A;3050;1300;2;22;;22
307;HSP 19mm BxB;19;H;3050;1250;0;720;;724
308;BRUT MDF 6MM;6;A;925;273;1;120;;11684
309;MDF Zwart 20mm BxB Japandi;20;H;2800;360;1;646;;11696
310;MDF 20mm SCRATCH;20;H;3050;1250;5;656;;656
311;MDF Zwart 31mm KrakAwxB;31;H;1780;780;1;680;;11734
312;HDF 4 zwart;4;A;2800;535;1;150;;11761
313;HDF 4 zwart;4;A;1535;550;1;150;;11762
314;MDF 19mm EikAwerenxB;19;H;1213;540;1;640;;11832
315;BRUT MDF 6MM;6;A;760;520;1;120;;11905
316;MDF 19mm EikAwerenxB;19;H;965;500;1;640;;11929
317;MDF Zwart 19mm KrakAwxB;19;H;605;800;1;670;;11947
318;MDF 19mm EikAwerenxB;19;H;710;630;1;640;;11964
319;MULTI POP 15mm;15;A;2500;1220;5;251;;251
320;HSP 18mm AxA BULO;18;H;2800;1300;11;714;;714
321;Dekplaat HSP 12MM;12;A;2800;1300;0;21;;21
322;Mdf zwart 19mm BXB japandi;19;H;1485;680;1;401;;11980
323;BRUT MDF 25MM ZWART;25;A;2800;2070;10;135;;135
324;Mdf zwart 19mm BXB japandi;19;H;1300;670;1;401;;11993
325;BRUT MDF 25MM ZWART;25;A;2800;1445;1;135;;1016
326;HSP 19mm BxB;19;H;1730;630;1;720;Reststrook GP00031230;12149
327;Bodem 1800x630;19;A;1800;630;4;14;;14
328;Bodem 2300x630;19;A;2300;630;4;15;;15
329;Bodem 2800x630;19;A;2800;630;4;16;;16
330;MDF 23mm BxB;23;H;2800;600;1;662;;12160
331;MDF 23mm BxB;23;H;680;2070;1;662;;12162
332;MDF 23mm BxB;23;H;2100;390;1;662;;12163
333;HSP 23mm BxB;23;H;590;2070;1;730;;12166
334;MDF 23mm BxB;23;H;635;2070;1;662;;12185
335;Dummy 100mm;100;H;2800;2070;100;;;100180
336;BRUT MDF 30MM GROEN;30;A;2300;172;1;136;;12197
337;MDF Zwart 19mm BxB Japandi;19;H;780;2070;1;645;;12219
338;MDF Zwart 19mm BxB Japandi;19;H;780;2070;1;645;;12220
339;MDF 19mm EikAwerenxB;19;H;1700;400;1;640;;12228
340;dekplaat HSP 23mm;23;A;2800;2070;3;31;;31
341;MDF 13mm AWxB;13;H;2800;630;0;623;;572
342;HSP BxB 26mm;26;H;2800;2070;17;740;;740
343;HSP BxB 26mm;26;H;2800;810;1;740;;12305
344;BRUT MDF 12MM;12;A;2800;2070;8;130;;130
345;MDF 23mm BxB;23;H;1045;610;1;662;;12319
346;Massief Am eik 73;73;H;3050;1300;0;;;100181
347;Massief Am eik 58;58;H;3050;1300;0;;;100182
348;BRUT MDF 18MM;18;A;700;460;1;133;;12407
349;BRUT MDF 18MM;18;A;700;460;1;133;;12408
350;BRUT MDF 18MM;18;A;700;460;1;133;;12409
351;BRUT MDF 18MM;18;A;700;460;1;133;;12410
352;BRUT MDF 18MM;18;A;700;460;1;133;;12411
353;BRUT MDF 18MM;18;A;700;460;1;133;;12412
354;BRUT MDF 18MM;18;A;700;460;1;133;;12413
355;BRUT MDF 18MM;18;A;700;460;1;133;;12417
356;BRUT MDF 18MM;18;A;730;540;1;133;;12418
357;BRUT MDF 18MM;18;A;730;540;1;133;;12420
358;BRUT MDF 18MM;18;A;730;540;1;133;;12421
359;BRUT MDF 18MM;18;A;730;540;1;133;;12422
360;BRUT MDF 18MM;18;A;730;540;1;133;;12423
361;BRUT MDF 18MM;18;A;730;540;1;133;;12424
362;BRUT MDF 18MM;18;A;730;540;1;133;;12427
363;BRUT MDF 18MM;18;A;730;540;1;133;;12428
364;BRUT MDF 18MM;18;A;730;540;1;133;;12430
365;MDF 23mm BxB;23;H;640;840;1;662;;12483
366;MDF 23mm BxB;23;H;2800;425;1;662;;12515
367;Dummy 42mm;42;H;2800;2070;100;;;100183
368;HSP BxB 26mm;26;H;530;1470;1;740;;12549
369;HSP 26mm BxB;26;H;1800;630;0;740;;573
370;HSP 26mm BxB;26;H;2300;630;0;740;;574
371;HSP 26mm BxB;26;H;2800;630;5;740;;575
372;BRUT MDF 18MM GROEN;18;A;1820;1080;1;134;;1002
373;BRUT MDF 18MM;18;A;1200;458;1;133;;12586
374;BRUT MDF 18MM;18;A;1200;458;1;133;;12587
375;BRUT MDF 18MM;18;A;3050;1310;0;132;;132
376;BRUT MDF 25MM ZWART;25;A;2800;855;1;135;;1007
377;MDF 13mm AFQMxB;13;H;3050;1220;0;620;;625
378;MULTI 15mm Sokkel;15;A;2440;850;1;257;;1003
379;HSP 23mm BxB;23;H;1435;570;1;730;;12648
380;MDF 7mm AFQMxB;7;H;3050;1310;14;490;;490
381;MDF 19mm EikAwerenxB;19;H;720;785;1;640;;12662
382;MDF 19mm EikAwerenxB;19;H;1150;625;1;640;;12663
383;MDF 13mm AWxB;13;H;2300;630;1;623;;12687
384;MDF 13mm AWxB;13;H;2440;410;1;623;;12688
385;MDF Zwart 19mm KrakAwxB;19;H;1680;430;1;670;;12695
386;MDF Zwart 31mm KrakAwxB;31;H;850;600;1;680;;12698
387;MDF Zwart 31mm KrakAwxB;31;H;850;600;1;680;;12699
388;MDF Zwart 31mm KrakAwxB;31;H;1880;375;1;680;;12700
389;MDF 31mm BxB;31;H;645;630;1;667;;12708
390;MDF Zwart 19mm KrakAwxB;19;H;1880;530;1;670;;12713
391;MDF 13mm BxB;13;H;2440;1220;0;621;;623
392;HSP 08mm Melamine Grijs grafiet;8;A;2800;2100;0;725;;725
393;HSP 18mm Melamine Grijs grafiet;18;A;2800;2100;0;726;;726
394;HSP 22mm Melamine Grijs grafiet;22;A;2800;2100;2;727;;727
395;MDF Zwart 19mm KrakAwxB;19;H;1130;595;1;670;;12730
396;Mdf zwart 19mm BXB japandi;19;H;545;815;1;401;;12732
397;BRUT MDF 30MM;30;A;1400;990;1;140;;1006
398;BRUT MDF 30MM;30;A;2380;840;1;140;;1021
399;BRUT MDF 30MM;30;A;1920;1200;1;140;;1024
400;BRUT MDF 18MM;18;A;725;495;1;133;;12756
401;BRUT MDF 18MM;18;A;725;495;1;133;;12757
402;BRUT MDF 18MM;18;A;725;495;1;133;;12758
403;HSP 18mm Melamine Antraciet Quartz;18;A;2800;2070;0;728;;728
404;HSP 18mm Melamine Alu-Grijs;18;H;2800;2070;0;729;;729
405;HSP 08mm Melamine Grijs grafiet;8;A;1975;980;1;725;;1015
406;HSP BxB 26mm;26;H;2800;360;1;740;;12826
407;HSP 26mm BxB;26;H;2800;360;1;740;;12827
408;MDF 23mm BxB;23;H;1280;330;1;662;;12830
409;MDF 23mm BxB;23;H;1230;630;1;662;;12831
410;MDF 23mm BxB;23;H;1500;650;1;662;;12832
411;HSP 23mm BxB;23;H;1160;630;1;730;;12835
412;HSP 08mm Melamine Grijs grafiet;8;A;2800;935;13;725;;1031
413;BRUT MDF 12MM;12;A;1985;530;1;130;;12860
414;HSP 08mm Melamine Grijs grafiet;8;A;2800;980;4;725;;1038
415;HSP 08mm Melamine Grijs grafiet;8;A;2800;850;6;725;;1039
416;HSP 08mm Melamine Grijs grafiet;8;A;2800;790;3;725;;1040
417;HSP 18mm Melamine Grijs grafiet;18;A;2370;1680;1;726;;1032
418;HSP 08mm Melamine Grijs grafiet;8;A;1400;935;1;725;;1041
419;HSP 22mm Melamine Grijs grafiet;22;A;1395;565;0;727;;12875
420;HSP 22mm Melamine Grijs grafiet;22;A;910;575;0;727;;12876
421;MDF Zwart 19mm KrakAwxB;19;H;565;800;1;670;;12892
422;MDF Zwart 19mm KrakAwxB;19;H;565;800;1;670;;12893
423;HSP 22mm Melamine Grijs grafiet;22;A;910;570;0;727;;12914
424;HSP 22mm Melamine Grijs grafiet;22;A;780;685;1;727;;12957
425;HSP 22mm Melamine Grijs grafiet;22;A;2795;675;1;727;;12959
426;HSP 39mm BxB;39;H;2795;2065;0;760;;760
427;HSP 22mm Melamine Grijs grafiet;22;A;2000;1320;1;727;;1033
428;Dummy 200mm;200;H;2800;2070;100;;;100184
429;HSP 22mm Melamine Grijs grafiet;22;A;750;570;1;727;;12962
430;HSP 22mm Melamine Grijs grafiet;22;A;1390;770;1;727;;12963
431;HSP 22mm Melamine Grijs grafiet;22;A;1400;750;1;727;;12964
432;MDF 5mm BxB;5;H;650;880;1;610;;12975
433;BRUT MDF 12MM;12;A;1500;2070;1;130;;1011
434;BRUT MDF 18MM;18;A;650;570;1;133;;12979
435;MDF 23mm BxB;23;H;2800;515;1;662;;13001
436;BRUT MDF 30MM;30;A;1525;540;1;140;;13003
437;BRUT MDF 30MM;30;A;2800;540;1;140;;13004
438;HSP 18mm Melamine Grijs grafiet;18;A;2410;379;1;726;;13014
439;HSP 25mm MELxMEL wit;25;A;2800;2070;13;731;Bulo;731
440;HSP 18mm MELxMEL wit;18;A;2800;2070;67;732;Bulo;732
441;dekplaat HSP 13mm;13;A;2800;2070;0;32;;32
442;MDF 5mm BxB;5;H;3050;1220;16;610;GP00031201;610
443;HSP 25mm MELxMEL wit;25;A;2070;1640;1;731;Bulo;1008
444;HSP 18mm MELxMEL wit;18;A;2800;1610;1;732;Bulo;1019
445;HSP 12mm MELxMEL wit;12;A;2800;2070;73;734;Bulo;734
446;HSP 18mm MELxMEL zwart;18;A;2800;2070;42;736;Bulo;736
447;HSP 25mm MELxMEL wit;25;A;2354;2070;2;731;Bulo;1030
448;Dekplaat HSP 15mm;15;A;2360;2070;1;25;;25
449;MULTI POP 15mm;15;A;2500;1130;1;251;;1037
450;HSP 28mm MELxMEL wit;28;A;2800;2070;1;735;;735
451;MULTI BERK 15mm;15;A;2500;810;1;252;GP00008287;1005
452;HSP 32mm MELxMEL wit;32;A;2800;2070;12;733;Bulo;733
453;HSP 12mm MELxMEL zwart;12;A;2800;2070;40;737;Bulo;737
454;HSP 25mm MELxMEL zwart;25;A;2800;2070;14;738;Bulo;738
455;HSP 28mm MELxMEL zwart;28;A;2800;2070;0;739;Bulo;739
456;HSP 32mm MELxMEL zwart;32;A;2800;2070;0;741;Bulo;741
457;HSP 28mm MELxMEL wit;28;A;2800;1220;1;735;Bulo;1001
458;HSP 25mm MELxMEL wit;25;A;2350;1130;1;731;Bulo;1043
459;MDF 41mm Gerookte EIK BULO;41;H;3050;1300;0;50;;50
460;MDF 21mm Gerookte EIK BULO;21;H;3050;1300;2;51;;51
461;HSP 23mm BxB;23;H;1100;700;1;730;;13117
462;HSP 23mm BxB;23;H;1100;700;1;730;;13118
463;MDF 19mm AFQMxB;19;H;710;1010;1;650;;13122
464;Dekplaat HSP 18mm;18;A;2800;2070;3;33;;33
465;Mdf zwart 19mm BXB japandi;19;H;1175;1200;1;401;;13154
466;Fenix 720 ZWART nero;18;A;3050;1220;4;1;Bulo;1
467;Fenix 750 GROEN verde;18;A;3050;1220;0;2;Bulo;2
468;Fenix 720 ZWART nero;18;A;2210;1220;1;1;Bulo;1049
469;Fenix 750 GROEN verde;18;A;3050;780;1;2;Bulo;1034
470;Dummy 31mm Groot;31;H;4100;1270;0;;;13164
471;FineerPlaat AFQMxB 19mm Int bloom;19;H;1835;415;1;692;GP00031266;13176
472;BRUT MDF 18MM;18;A;985;490;1;132;;13177
473;MULTI POP 15mm;15;A;2470;605;1;251;;13181
474;Fenix 751 ROOD rosso;18;A;3050;750;1;3;Bulo;1051
475;Fenix 754 BLAUW (blu fes);18;A;3050;785;1;7;;1052
476;BRUT MDF 18MM;18;A;2070;390;1;133;;13206
477;BRUT MDF 18MM;18;A;2070;390;1;133;;13208
478;HSP 23mm BxB;23;H;1950;525;1;730;;13212
479;HSP 23mm BxB;23;H;1030;570;1;730;;13234
480;BRUT MDF 22MM;22;A;2800;2070;4;146;;146
481;HSP 18mm MELxMEL zwart;18;A;2475;2070;1;736;Bulo;1054
482;Fenix 751 ROSSO jaipur;18;A;3050;1220;1;3;;3
483;Fenix 789 ROSSO namib;18;A;3050;1220;0;4;;4
484;Fenix 719 BEIGE luxor;18;A;3050;1220;0;5;;5
485;Fenix 754 BLAUW blu fes;18;A;3050;1220;0;7;;7
486;Dekplaat HSP 8MM;8;A;2800;2070;5;20;;20
487;plooimdf 10mm BULO;10;A;2800;1030;19;40;;40
488;HDF 3 ZwartxBrut;3;A;2800;890;1;151;GP00031167;1029
489;BRUT MDF 18MM;18;A;2070;1610;1;133;GP00031190;1047
490;BRUT MDF 3MM;3;A;2800;2070;0;100;;100
491;MDF 19mm AFQMxROOD;19;H;3050;1300;0;654;;654
492;HSP 18mm Melamine BULO Lorenzo Walnut 0H251 W06;18;H;2800;2070;1;800;;800
493;MDF 12mm Melamine BULO Lorenzo Walnut 0H251 W06;12;H;2800;2070;0;801;;801
494;MDF Zwart 19mm KrakAwxB;19;H;555;795;1;670;;13274
495;MDF Zwart 19mm KrakAwxB;19;H;555;795;1;670;;13275
496;MDF Zwart 19mm KrakAwxB;19;H;555;795;1;670;;13276
497;MDF Zwart 19mm KrakAwxB;19;H;555;795;1;670;;13277
498;MDF Zwart 19mm KrakAwxB;19;H;555;795;1;670;;13278
499;MDF Zwart 19mm KrakAwxB;19;H;1090;795;1;670;;13280
500;MDF Zwart 19mm KrakAwxB;19;H;820;795;1;670;;13285
501;MDF Zwart 19mm KrakAwxB;19;H;820;795;1;670;;13286
502;MDF Zwart 19mm KrakAwxB;19;H;820;795;1;670;;13287
503;MDF Zwart 19mm KrakAwxB;19;H;820;795;1;670;;13288
504;MDF Zwart 19mm KrakAwxB;19;H;820;795;1;670;;13290
505;MDF Zwart 19mm KrakAwxB;19;H;820;795;1;670;;13291
506;MDF 19mm AFQMxB;19;H;1200;450;1;650;;13293
507;MDF 12mm Melamine BULO Lorenzo Walnut 0H251 W06;12;H;2800;570;1;801;;13294
508;HSP 18mm Melamine BULO Lorenzo Walnut 0H251 W06;18;H;790;2070;1;800;;13295
509;HSP 18mm Melamine BULO Lorenzo Walnut 0H251 W06;18;H;575;2070;1;800;;13296
510;MDF 31mm NOOTxNOOT;31;H;1140;550;1;669;Reststrook  GP00030996;13297
511;MDF 19mm EikAwerenxB;19;H;745;630;1;640;;13306
512;MDF 19mm AFQMxB;19;H;830;540;1;650;;13309
513;HSP 26mm BxB;26;H;2800;490;1;740;;13310
514;MDF 19mm EikAwerenxB;19;H;735;2065;1;640;;13328
515;HSP 23mm BxB;23;H;1500;650;1;730;;13330
516;HSP 23mm BxB;23;H;1500;650;1;730;;13331
517;MDF Zwart 19mm BxB Japandi;19;H;1315;830;1;645;;13335
518;MDF 5mm BxB;5;H;760;1220;1;610;;13339
519;BRUT MDF 22MM;22;A;2800;365;1;147;;13340
520;HSP 19mm BxB rondom latten;19;H;2200;1000;0;810;;810
521;HSP 19mm BxB rondom latten;19;H;1800;1000;0;811;;811
522;HSP 19mm BxB rondom latten;19;A;2000;1000;26;812;;812
523;BRUT MDF 18MM;18;A;2070;495;1;133;;13351
524;Lucca ESSEN;18;A;3050;1300;0;6;;6
525;MDF Zwart 19mm KrakAwxB;19;H;2800;830;6;670;GP00031233;673
526;Lucca ESSEN;18;A;2535;1300;1;6;;1028
527;HSP 12mm MELxMEL wit;12;A;2800;1150;1;734;Bulo;1042
528;MDF 19mm EikAwerenxB;19;H;1200;630;1;640;;13353
529;MDF 19mm EikAwerenxB;19;H;1560;305;1;640;;13354
530;Bodem 2800x2070;8;A;2800;2070;21;11;;11
531;HSP 25mm MELxMEL zwart;25;A;2800;1200;2;738;Bulo;1048
532;HSP 25mm MELxMEL wit;25;A;2385;2070;1;731;Bulo;1056
533;MDF 31mm BxB;31;H;1630;1160;1;667;Reststrook GP00031235;13166
534;MDF 13mm AFQMxB;13;H;1130;2070;1;620;;13263
535;MDF 31mm AFQMxB;31;H;765;850;1;665;GP00031236;13370
536;MDF 23mm BxB;23;H;880;2060;1;662;;13371
537;MDF 31mm AFQMxB;31;H;870;1105;1;665;GP00031236;13372
538;MDF 13mm AWxB;13;H;1735;1215;1;623;;13388
539;BRUT MDF 28MM;28;A;2800;2070;8;142;;142
540;BRUT MDF 18MM;18;A;2070;1470;1;132;;1009
541;MDF 19mm EikAwerenxB;19;H;1250;685;1;640;;13391
542;MDF 19mm AFQMxB;19;H;1080;375;1;650;Reststrook GP00031232;13205
543;MDF 23mm BxB;23;H;2800;435;1;662;;13395
544;Dekplaat HSP 8mm;8;A;3050;1300;1;34;;34
545;BRUT MDF 3MM;3;A;1060;565;1;100;;13406
546;MDF 31mm AFQMxB;31;H;770;1180;1;665;GP00031236;13407
547;MDF 13mm AFQMxB;13;H;945;865;1;620;;13418
548;BRUT MDF 12MM;12;A;1465;1015;1;130;;13419
549;MDF 19mm AFQMxB;19;H;465;2070;1;650;Reststrook GP00031232;13421
550;HSP 12mm MELxMEL zwart;12;A;2130;2070;1;737;Bulo;1022
551;HSP 18mm MELxMEL zwart;18;A;2800;1615;1;736;Bulo;1027
552;HSP 28mm MELxMEL wit;28;A;2365;2070;3;735;;1036
553;HSP 25mm MELxMEL zwart;25;A;2360;2070;1;738;Bulo;1045
554;HSP 12mm MELxMEL zwart;12;A;2800;1190;1;737;Bulo;1058
555;HSP 28mm MELxMEL wit;28;A;2800;1635;3;735;;1059
556;BRUT MDF 25MM ZWART;25;A;2070;1280;1;135;;1060
557;BRUT MDF 22MM;22;A;2600;490;1;147;;13440
558;MDF Zwart 19mm KrakAwxB;19;H;570;830;1;670;;13444
559;MDF 23mm BxB;23;H;1310;415;1;662;;13448
560;MDF 23mm BxB;23;H;2800;465;1;662;;13449
561;HSP 12mm MELxMEL wit;12;A;2070;1710;2;734;Bulo;1061
562;HSP 25mm MELxMEL wit;25;A;2800;810;2;731;Bulo;1062
563;HSP 18mm AxA BULO;18;H;2035;314;1;714;;13451
564;BRUT MDF 28MM;28;A;1295;1265;1;142;;13454
565;Dummy 65mm;65;H;2800;2070;100;;;100187
566;HSP 32mm MELxMEL wit;32;A;2585;1220;1;733;Bulo;1053
567;HDF 3 ZwartxBrut;3;A;2035;685;1;151;GP00031167;13464
568;HSP 18mm MELxMEL wit;18;A;2800;1050;1;732;Bulo;1068
569;MDF 23mm BxB;23;H;670;915;1;662;;13476
570;MDF Zwart 19mm KrakAwxB;19;H;1140;795;1;670;Reststrook GP00031233;13491
571;MDF 19mm EikAwerenxB;19;H;850;630;1;640;;13501
572;MDF 19mm EikAwerenxB;19;H;850;450;1;640;;13502
573;BRUT MDF 6MM;6;A;2440;660;1;120;standaardplaat;1017
574;HSP 19mm BxB;19;H;565;585;1;720;;13509
575;HSP 25mm MELxMEL wit;25;A;2070;1970;1;731;Bulo;1063
576;HSP 12mm MELxMEL zwart;12;A;2800;1065;1;737;Bulo;1067
577;HSP 12mm MELxMEL wit;12;A;2070;1575;1;734;Bulo;1069
578;MDF 19mm AFQMxB;19;H;750;500;1;650;Reststrook GP00031232;13514
579;HSP 18mm MELxMEL zwart;18;A;2800;1510;1;736;Bulo;1070
580;HSP 25mm MELxMEL zwart;25;A;2800;1620;1;738;Bulo;1071
581;BRUT MDF 9MM GROEN;9;A;1470;695;1;122;;13519
582;BRUT MDF 18MM;18;A;2480;460;1;133;;13532
583;HSP 12mm MELxMEL zwart;12;A;1465;630;1;737;Bulo;13536
584;HSP 16mm melamine lichtgrijs;16;A;2650;2100;19;742;;742
585;HSP 12mm MELxMEL wit;12;A;970;655;1;734;Bulo;13542
586;MDF 13mm AWxB;13;H;2440;450;1;623;;13544
587;MDF 13mm AWxB;13;H;1605;1215;1;623;;13546
588;MDF 5mm BxB;5;H;1110;1220;1;610;;13547
589;HSP 23mm BxB;23;H;800;700;1;730;;13553
590;HSP 18mm MELxMEL wit;18;A;950;615;1;732;Bulo;13554
591;HSP 12mm MELxMEL wit;12;A;1290;620;1;734;Bulo;13555
592;HSP 28mm MELxMEL wit;28;A;2230;1635;1;735;;1055
593;HSP 28mm MELxMEL wit;28;A;1810;1210;1;735;;1066
594;MULTI BERK 15mm;15;A;2170;750;1;252;GP00008287;1073
595;BRUT MDF 22MM;22;A;2600;620;22;146;;147
596;MULTI BERK 15mm;15;A;1890;1170;1;252;GP00008287;1074
597;MDF 19mm EikAwerenxB;19;H;780;620;1;640;Reststrook GP00031231;13556
598;MULTI BERK 15mm;15;A;2510;645;1;252;GP00008287;13564
599;BRUT MDF 3MM;3;A;1215;940;1;100;;13572
600;BRUT MDF 12MM;12;A;890;540;1;130;;13577
601;MULTI BERK 15mm;15;A;590;500;1;252;GP00008287;13579
602;HDF 4 zwart;4;A;1970;550;1;150;;13581
603;HDF 3 ZwartxBrut;3;A;2480;645;1;151;GP00031167;13582
604;MDF 23mm BxB;23;H;1360;305;1;662;Reststrook GP00031253;13583
605;MDF 23mm BxB;23;H;1420;625;1;662;;13584
606;HSP 18mm Melamine Alu-Grijs;18;H;2025;1870;1;729;;1046
607;HSP 25mm MELxMEL zwart;25;A;2490;1200;1;738;Bulo;1018
608;HSP 18mm Melamine Alu-Grijs;18;H;1050;565;1;729;;13595
609;MDF 13mm AFQMxB;13;H;500;2065;1;620;GP00031211;13601
610;MDF 13mm BxB;13;H;2800;405;1;621;Reststrook GP00031210;13604
611;HSP 18mm MELxMEL wit;18;A;1635;985;1;732;Bulo;13609
612;HSP 18mm MELxMEL zwart;18;A;1205;530;1;736;Bulo;13612
613;HSP 12mm MELxMEL wit;12;A;1560;550;1;734;Bulo;13619
614;HSP 12mm MELxMEL wit;12;A;1480;790;1;734;Bulo;13620
615;HSP 12mm MELxMEL wit;12;A;1320;880;1;734;Bulo;13621
616;HSP 12mm MELxMEL wit;12;A;1480;1330;1;734;Bulo;13622
617;MDF 13mm BxB;13;H;460;1330;1;621;Reststrook GP00031210;13629
618;MDF 13mm AFQMxB;13;H;1665;715;1;620;;13630
619;Fenix 029 WIT;18;A;3050;1220;1;13;;13
620;MDF 31mm NOOTxNOOT;31;H;1385;400;1;669;Reststrook  GP00030996;13631
621;MDF 31mm NOOTxNOOT;31;H;1390;625;1;669;Reststrook  GP00030996;13632
622;MDF 19mm EikAwerenxB;19;H;810;560;1;640;;13637
623;MDF 23mm BxB;23;H;2810;595;1;662;;13640
624;MDF 31mm AFQMxB;31;H;1605;345;1;665;Reststrook GP00031236;13643
625;BRUT MDF 3MM;3;A;2800;605;1;100;;13653
626;MDF 31mm BxB;31;H;2790;305;1;667;Reststrook GP00031235;13654
627;HSP 16mm melamine lichtgrijs;16;A;2650;1640;1;742;;1025
628;MDF 31mm BxB;31;H;800;650;1;667;;13321
629;MDF 31mm BxB;31;H;800;650;1;667;;13322
630;MDF 31mm BxB;31;H;1000;700;1;667;;13551
631;MDF 31mm BxB;31;H;2790;485;1;667;Reststrook GP00031235;13573
632;MDF 31mm BxB;31;H;1575;625;1;667;Reststrook GP00031235;13602
633;HSP 23mm BxB;23;H;2790;340;1;730;GP00031250;13656
634;HSP 23mm BxB;23;H;985;2060;1;730;;13657
635;BRUT MDF 3MM;3;A;1220;925;1;100;;13664
636;MDF 23mm BxB;23;H;1020;2070;1;662;;13666
637;MDF 19mm AFQMxB;19;H;2795;250;1;650;Reststrook GP00031232;13670
638;MDF 31mm NOOTxNOOT;31;H;3050;875;1;669;Reststrook  GP00030996;13672
639;HSP 23mm BxB;23;A;2795;440;1;730;GP00031250;13673
640;MDF Zwart 19mm NOOTxNOOT;19;H;3050;815;1;675;GP00031192;13675
641;MDF 23mm BxB;23;H;2410;630;1;662;GP00031253;13681
642;Massief Grenen 20;20;H;2500;45;100;;Profiel aanvullat 45x20gr;100188
643;HSP 18mm AxA BULO;18;H;700;395;1;714;;13684
644;HSP 18mm AxA BULO;18;H;2800;560;1;714;;13685
645;HSP 18mm AxA BULO;18;H;830;695;1;714;;13686
646;BRUT MDF 25MM;25;A;2800;2070;3;137;;137
647;HSP 32mm MELxMEL wit;32;A;2800;1630;1;733;Bulo;1004
648;BRUT MDF 30MM;30;A;2310;710;1;140;GB00031307;1010
649;HSP 12mm MELxMEL wit;12;A;2800;1575;1;734;Bulo;1013
650;BRUT MDF 22MM;22;A;2070;1585;1;146;;1023
651;HSP 18mm MELxMEL wit;18;A;2345;2070;1;732;Bulo;1026
652;HSP 18mm MELxMEL zwart;18;A;2800;890;1;736;Bulo;1035
653;BRUT MDF 3MM;3;A;1635;1200;1;100;;13687
654;BRUT MDF 3MM;3;A;3050;985;1;100;;1044
655;MDF 13mm AFQMxB;13;H;1520;740;1;620;GP00031211;13689
656;MDF 7mm AFQMxB;7;H;1515;1310;1;490;;13690
657;MDF 7mm AFQMxB;7;H;1515;1310;1;490;;13691
658;MDF 13mm BxB;13;H;2800;350;1;621;Reststrook GP00031210;13692
659;MDF 13mm AFQMxB;13;H;2800;540;1;620;Reststrook GP00031211;13693
660;HSP 23mm BxB;23;H;2800;370;1;730;;13696
661;MDF 13mm AFQMxB;13;H;2150;630;1;620;Reststrook GP00031211;13698
662;MDF 19mm AFQMxB;19;H;1000;500;1;650;Reststrook GP00031232;13699
663;MDF 19mm AFQMxB;19;H;1000;500;1;650;Reststrook GP00031232;13700
664;FineerPlaat AFQMxB 19mm Int bloom;19;H;650;469;1;692;GP00031265;13702
665;BRUT MDF 12MM ZWART;12;A;1220;940;1;125;GP00031312;13704
666;MDF 5mm BxB;5;H;1000;800;1;610;Reststrook GP00031201;13707
667;MDF 31mm BxB;31;H;2800;580;1;667;Reststrook GP00031235;13708
668;MDF 5mm BxB;5;H;780;870;1;610;;13710
669;MDF 5mm BxB;5;H;780;880;1;610;Reststrook GP00031201;13711
670;MDF 5mm BxB;5;H;780;880;1;610;Reststrook GP00031201;13712
671;MDF 31mm BxB;31;H;950;2070;1;667;Reststrook GP00031235;13715
672;BRUT MDF 22MM;22;A;2800;1850;1;146;;1012
673;MDF 19mm EikAwerenxB;19;H;760;1330;1;640;;13717
674;MDF 5mm BxB;5;H;810;1220;1;610;;13718
675;MDF 5mm BxB;5;H;800;1220;1;610;;13719
676;MDF 19mm AFQMxB;19;H;1130;530;1;650;Reststrook GP00031232;13720
677;MDF 13mm BxB;13;H;1550;630;1;621;Reststrook GP00031210;13721
678;HSP 23mm BxB;23;H;490;2060;1;730;;13722
679;HSP 23mm BxB;23;H;490;2060;1;730;;13723
680;MDF 31mm BxB;31;H;870;630;1;667;Reststrook GP00031235;13725
681;MDF 13mm BxB;13;H;1530;400;1;621;Reststrook GP00031210;13726
682;BRUT MDF 25MM;25;A;1240;590;1;137;;13728
683;BRUT MDF 25MM;25;A;1240;590;1;137;;13729
684;MDF 31mm BxB;31;H;2800;420;1;667;Reststrook GP00031235;13731
685;MDF 13mm BxB;13;H;670;490;1;621;Reststrook GP00031210;13732
686;MDF 13mm BxB;13;H;1480;450;1;621;Reststrook GP00031210;13733
687;BRUT MDF 22MM;22;A;2070;590;1;146;;13736
688;BRUT MDF 30MM;30;A;1180;530;1;140;;13737
689;FineerPlaat AFQMxB 23mm A Intense;23;H;1810;469;1;691;;13738
690;MDF 31mm BxB;31;H;760;620;1;667;Reststrook GP00031235;13739
691;MDF 19mm EikAwerenxB;19;H;900;700;1;640;Reststrook GP00031231;13740
692;MDF 13mm AFQMxB;13;H;1665;630;1;620;Reststrook GP00031211;13741
693;MDF 13mm AFQMxB;13;H;430;1420;1;620;Reststrook GP00031211;13742
694;HSP 28mm MELxMEL wit;28;A;2800;780;1;735;;1014
695;HSP 12mm MELxMEL wit;12;A;1880;2070;1;734;Bulo;1020
696;HSP 18mm MELxMEL wit;18;A;2800;1170;1;732;Bulo;1064
697;HSP 25mm MELxMEL wit;25;A;2070;1130;1;731;Bulo;1065
698;plooimdf 10mm BULO;10;A;2800;800;1;40;;1072
699;HSP 18mm MELxMEL wit;18;A;2070;1685;1;732;Bulo;1075
700;HSP 12mm MELxMEL wit;12;A;895;970;1;734;Bulo;13744
701;HSP 12mm MELxMEL wit;12;A;2070;530;1;734;Bulo;13745
702;MDF 31mm AFQMxB;31;H;1170;0;1;665;Reststrook GP00031236;13641
703;MDF 19mm AFQMxB;19;H;580;1050;1;650;Reststrook GP00031232;13746
704;MDF 19mm AFQMxB;19;H;1225;475;1;650;Reststrook GP00031232;13747
705;BRUT MDF 6MM;6;A;2440;1150;1;120;standaardplaat;1076
706;MDF 19mm AFQMxB;19;H;1550;665;1;650;Reststrook GP00031232;13748
707;MDF 19mm AFQMxB;19;H;750;550;1;650;Reststrook GP00031232;13749
708;MDF 19mm AFQMxB;19;H;1550;625;1;650;Reststrook GP00031232;13750
709;MULTI BERK 24mm;24;H;2500;545;1;253;GP00008264;13751
