Id;Info;Length;Width;Thickness;Number;Quantity
1;HSP 23mm BxB vergeeld;2800;2070;23;1;1;0;1;1;0;0;0;0;0;0;              ;0;0
2;HSP 19mm BxB vergeeld;2800;2070;19;2;2;0;2;2;0;0;0;0;0;0;              ;0;0
3;MDF 23mm AFQMxB Vergeeld;2800;2070;23;3;0;0;0;0;0;0;0;0;0;0;              ;0;0
4;HSP 17mm BxB Vergeeld;2800;2070;17;4;1;0;1;1;0;0;0;0;0;0;              ;0;0
5;HSP 23mm BxB Vergeeld;2800;1250;23;5;1;0;1;1;0;0;0;0;0;0;              ;0;0
6;MDF 19mm BxB Vergeeld;2500;1240;19;6;1;0;1;1;0;0;0;0;0;0;              ;0;0
7;MDF 19mm BxB Vergeeld;2450;800;19;7;1;0;1;1;0;0;0;0;0;0;              ;0;0
10;filler;2550;1090;31;10;1;0;1;1;0;0;0;0;0;0;              ;0;0
11;filler;2800;1250;19;10;1;0;1;1;0;0;0;0;0;0;              ;0;0
12;filler;2800;2070;8;10;1;0;1;1;0;0;0;0;0;0;              ;0;0
24;Dekplaat HSP 12MM melamine;2505;1250;12;24;2;0;2;2;0;0;0;0;0;0;              ;0;0
25;Dekplaat MDF 15MM;2800;2070;15;25;0;0;0;0;0;0;0;0;0;0;              ;0;0
26;Dekplaat MDF 10MM;2800;2070;10;26;1;0;1;1;0;0;0;0;0;0;              ;0;0
27;Dekplaat MDF 8MM;2800;2070;8;27;18;0;18;18;0;0;0;0;0;0;              ;0;0
28;Dekplaat MDF 19MM;2800;2070;19;28;3;0;3;3;0;0;0;0;0;0;              ;0;0
29;Dekplaat MDF 4MM;2800;2070;4;29;3;0;3;3;0;0;0;0;0;0;              ;0;0
30;Dekplaat HSP 12MM;2800;1240;12;30;1;0;1;1;0;0;0;0;0;0;              ;0;0
33;Dekplaat MDF 6MM;2800;2070;6;33;0;0;0;0;0;0;0;0;0;0;              ;0;0
100;BRUT MDF 3mm S;2800;2070;3;100;3;0;3;3;0;0;0;0;0;0;GP00012071    ;0;0
124;BRUT MDF 9 MM;2800;2070;9;124;0;0;0;0;0;0;0;0;0;0;              ;0;0
125;BRUT MDF 12MM ZWART;3050;1220;12;125;33;0;33;33;0;0;0;0;0;0;              ;0;0
126;BRUT MDF 12MM ZWART;2800;2070;12;125;3;0;3;3;0;0;0;0;0;0;              ;0;0
132;BRUT MDF 18MM;2800;2070;18;133;0;0;0;0;0;0;0;0;0;0;              ;0;0
133;BRUT MDF 18MM;2800;685;18;133;23;0;23;23;0;0;0;0;0;0;              ;0;0
134;BRUT MDF 18MM GROEN;3050;1220;18;134;9;0;9;9;0;0;0;0;0;0;              ;0;0
140;BRUT MDF 30MM;2800;2070;30;140;1;0;1;1;0;0;0;0;0;0;              ;0;0
150;HDF 4 zwart;2800;2070;4;150;51;0;51;51;0;0;0;0;0;0;GP00030704    ;0;0
151;HDF 3 ZwartxBrut;2800;2070;3;151;25;0;25;25;0;0;0;0;0;0;              ;0;0
249;MULTI POP 18mm;2500;1220;18;249;0;0;0;0;0;0;0;0;0;0;              ;0;0
250;MULTI POP 20mm;2500;1220;20;250;0;0;0;0;0;0;0;0;0;0;GP8005        ;0;0
251;MULTI POP 15mm;2500;1220;15;251;1;0;1;1;0;0;0;0;0;0;GP8286        ;0;0
252;MULTI BERK 15mm;2500;1250;15;252;38;0;38;38;0;0;0;0;0;0;GP8287        ;0;0
253;MULTI BERK 24mm;2500;1250;24;253;13;0;13;13;0;0;0;0;0;0;              ;0;0
255;MULTI BERK 22mm;2500;1250;22;255;14;0;14;14;0;0;0;0;0;0;GP8546        ;0;0
256;MULTI 18mm Sokkel;2440;1220;18;256;7;0;7;7;0;0;0;0;0;0;sokkel        ;0;0
257;MULTI 15mm Sokkel;2440;1220;15;257;10;0;10;10;0;0;0;0;0;0;sokkel        ;0;0
400;Bureau;3050;1220;18;400;3;0;3;3;0;0;0;0;0;0;project       ;0;0
401;Mdf zwart 19mm afqmXb japandi;3050;1310;19;401;0;0;0;0;0;0;0;0;0;0;              ;0;0
405;De bruyn of zo iet;2800;2070;19;405;1;0;1;1;0;0;0;0;0;0;              ;0;0
410;MDF 31mm NootxNoot;3050;1260;31;410;0;0;0;0;0;0;0;0;0;0;              ;0;0
411;MDF 23mm NootxNoot;3050;1250;23;411;1;0;1;1;0;0;0;0;0;0;              ;0;0
412;MDF Zwart 19mm NootxNoot;3050;1280;19;412;3;0;3;3;0;0;0;0;0;0;              ;0;0
420;Fenix MDF Groen 16mm;3050;1300;18;420;0;0;0;0;0;0;0;0;0;0;              ;0;0
421;Fenix MDF 16mm;3050;1300;18;421;0;0;0;0;0;0;0;0;0;0;              ;0;0
440;HSP 18mm MelaminxMelamin wit;2800;2070;18;440;1;0;1;1;0;0;0;0;0;0;keukens       ;0;0
441;HSP 8mm MelaminxMelamin Zwart;2800;2070;8;441;0;0;0;0;0;0;0;0;0;0;Keukens       ;0;0
442;HSP 12mm MelaminxMelamin Zwart;2800;2070;12;442;0;0;0;0;0;0;0;0;0;0;              ;0;0
443;HSP 18mm MelaminxMelamin Zwart;2800;2070;18;443;0;0;0;0;0;0;0;0;0;0;              ;0;0
460;MDF 13mm Ceder Sigaar;2424;1215;13;460;0;0;0;0;0;0;0;0;0;0;sigaar        ;0;0
461;MDF 19mm Ceder Sigaar;2492;1252;19;461;0;0;0;0;0;0;0;0;0;0;sigaar        ;0;0
506;MDF 5mm BxB;1800;630;5;610;0;0;0;0;0;0;0;0;0;0;              ;0;0
507;MDF 5mm BxB;2300;630;5;610;0;0;0;0;0;0;0;0;0;0;              ;0;0
508;MDF 5mm BxB;2800;630;5;610;0;0;0;0;0;0;0;0;0;0;              ;0;0
512;MDF 13mm AFQMxB;1800;630;13;620;0;0;0;0;0;0;0;0;0;0;0             ;0;0
513;MDF 13mm AFQMxB;2300;630;13;620;0;0;0;0;0;0;0;0;0;0;              ;0;0
514;MDF 13mm AFQMxB;2800;630;13;620;11;0;11;11;0;0;0;0;0;0;              ;0;0
515;MDF 17mm AFQMxAFQM;1800;630;17;630;6;0;6;6;0;0;0;0;0;0;              ;0;0
516;MDF 17mm AFQMxAFQM;2300;630;17;630;0;0;0;0;0;0;0;0;0;0;              ;0;0
517;MDF 17mm AFQMxAFQM;2800;630;17;630;6;0;6;6;0;0;0;0;0;0;              ;0;0
518;MDF 19mm EikAwerenxB;1800;630;19;640;3;0;3;3;0;0;0;0;0;0;              ;0;0
519;MDF 19mm EikAwerenxB;2300;630;19;640;0;0;0;0;0;0;0;0;0;0;              ;0;0
520;MDF 19mm EikAwerenxB;2800;630;19;640;5;0;5;5;0;0;0;0;0;0;              ;0;0
521;MDF 19mm AFQMxB;1800;630;19;650;1;0;1;1;0;0;0;0;0;0;              ;0;0
522;MDF 19mm AFQMxB;2300;630;19;650;0;0;0;0;0;0;0;0;0;0;              ;0;0
523;MDF 19mm AFQMxB;2800;630;19;650;1;0;1;1;0;0;0;0;0;0;              ;0;0
524;MDF 23mm AFQMxB;1800;630;23;660;0;0;0;0;0;0;0;0;0;0;              ;0;0
525;MDF 23mm AFQMxB;2300;630;23;660;0;0;0;0;0;0;0;0;0;0;              ;0;0
526;MDF 23mm AFQMxB;2800;630;23;660;0;0;0;0;0;0;0;0;0;0;              ;0;0
527;MDF 23mm AFQMxAFQM;1800;630;23;661;0;0;0;0;0;0;0;0;0;0;              ;0;0
528;MDF 23mm AFQMxAFQM;2300;630;23;661;0;0;0;0;0;0;0;0;0;0;              ;0;0
529;MDF 23mm AFQMxAFQM;2800;630;23;661;0;0;0;0;0;0;0;0;0;0;              ;0;0
530;MDF 23mm BxB;1800;630;23;662;0;0;0;0;0;0;0;0;0;0;              ;0;0
531;MDF 23mm BxB;2300;630;23;662;0;0;0;0;0;0;0;0;0;0;              ;0;0
532;MDF 23mm BxB;2800;630;23;662;0;0;0;0;0;0;0;0;0;0;              ;0;0
533;MDF Zwart 19mm KrakAwxB;1800;630;19;670;0;0;0;0;0;0;0;0;0;0;              ;0;0
534;MDF Zwart 19mm KrakAwxB;2300;630;19;670;0;0;0;0;0;0;0;0;0;0;              ;0;0
535;MDF Zwart 19mm KrakAwxB;2800;630;19;670;0;0;0;0;0;0;0;0;0;0;              ;0;0
536;MDF 31mm AxB;1800;630;31;665;0;0;0;0;0;0;0;0;0;0;              ;0;0
537;MDF 31mm AxB;2300;630;31;665;0;0;0;0;0;0;0;0;0;0;              ;0;0
538;MDF 31mm AxB;2800;630;31;665;1;0;1;1;0;0;0;0;0;0;              ;0;0
539;MDF 31mm AFQMxAFQM;1800;630;31;666;0;0;0;0;0;0;0;0;0;0;              ;0;0
540;MDF 31mm AFQMxAFQM;2300;630;31;666;0;0;0;0;0;0;0;0;0;0;              ;0;0
541;MDF 31mm AFQMxAFQM;2800;630;31;666;1;0;1;1;0;0;0;0;0;0;              ;0;0
542;MDF 31mm BxB;1800;630;31;667;0;0;0;0;0;0;0;0;0;0;              ;0;0
543;MDF 31mm BxB;2300;630;31;667;0;0;0;0;0;0;0;0;0;0;              ;0;0
544;MDF 31mm BxB;2800;630;31;667;2;0;2;2;0;0;0;0;0;0;              ;0;0
545;MDF Zwart 31mm KrakAwxB;1800;630;31;680;0;0;0;0;0;0;0;0;0;0;              ;0;0
546;MDF Zwart 31mm KrakAwxB;2300;630;31;680;0;0;0;0;0;0;0;0;0;0;              ;0;0
547;MDF Zwart 31mm KrakAwxB;2800;630;31;680;0;0;0;0;0;0;0;0;0;0;              ;0;0
548;HSP 13mm BxB;1800;630;13;700;0;0;0;0;0;0;0;0;0;0;              ;0;0
549;HSP 13mm BxB;2300;630;13;700;0;0;0;0;0;0;0;0;0;0;              ;0;0
550;HSP 13mm BxB;2800;630;13;700;0;0;0;0;0;0;0;0;0;0;              ;0;0
551;MDF 13mm BxB;1800;630;13;621;0;0;0;0;0;0;0;0;0;0;              ;0;0
552;MDF 13mm BxB;2300;630;13;621;0;0;0;0;0;0;0;0;0;0;              ;0;0
553;MDF 13mm BxB;2800;630;13;621;0;0;0;0;0;0;0;0;0;0;              ;0;0
554;HSP 17mm BxB;1800;630;17;710;0;0;0;0;0;0;0;0;0;0;              ;0;0
555;HSP 17mm BxB;2300;630;17;710;0;0;0;0;0;0;0;0;0;0;              ;0;0
556;HSP 17mm BxB;2800;630;17;710;0;0;0;0;0;0;0;0;0;0;              ;0;0
557;HSP 19mm BxB;1800;630;19;720;2;0;2;2;0;0;0;0;0;0;              ;0;0
558;HSP 19mm BxB;2300;630;19;720;1;0;1;1;0;0;0;0;0;0;              ;0;0
559;HSP 19mm BxB;2800;630;19;720;2;0;2;2;0;0;0;0;0;0;              ;0;0
560;HSP 19mm BxR;1800;630;19;721;0;0;0;0;0;0;0;0;0;0;              ;0;0
561;HSP 19mm BxR;2300;630;19;721;0;0;0;0;0;0;0;0;0;0;              ;0;0
562;HSP 19mm BxR;2800;630;19;721;0;0;0;0;0;0;0;0;0;0;              ;0;0
563;HSP 23mm BxB;1800;630;23;730;0;0;0;0;0;0;0;0;0;0;              ;0;0
564;HSP 23mm BxB;2300;630;23;730;0;0;0;0;0;0;0;0;0;0;              ;0;0
565;HSP 23mm BxB;2800;630;23;730;2;0;2;2;0;0;0;0;0;0;              ;0;0
566;HSP 41mm BxB;1800;630;41;750;0;0;0;0;0;0;0;0;0;0;              ;0;0
567;HSP 41mm BxB;2300;630;41;750;0;0;0;0;0;0;0;0;0;0;              ;0;0
568;HSP 41mm BxB;2800;630;41;750;0;0;0;0;0;0;0;0;0;0;              ;0;0
569;Mdf zwart 19mm afqmXb japandi;1800;630;19;401;1;0;1;1;0;0;0;0;0;0;              ;0;0
570;Mdf zwart 19mm afqmXb japandi;2300;630;19;401;0;0;0;0;0;0;0;0;0;0;              ;0;0
571;Mdf zwart 19mm afqmXb japandi;2800;630;19;401;0;0;0;0;0;0;0;0;0;0;              ;0;0
574;MDF 19mm AFQMxB;3000;630;19;650;0;0;0;0;0;0;0;0;0;0;              ;0;0
602;MDF 4mm NOOTxNOOT;3050;1250;4;602;15;0;15;15;0;0;0;0;0;0;              ;0;0
610;MDF 5mm BxB;3050;1250;5;611;0;0;0;0;0;0;0;0;0;0;              ;0;0
611;MDF 5mm BxB;3050;1215;5;611;19;0;19;19;0;0;0;0;0;0;              ;0;0
612;MDF 5mm BxB;2129;791;5;611;24;0;24;24;0;0;0;0;0;0;              ;0;0
613;MDF 5mm BXB;2290;790;5;611;14;0;14;14;0;0;0;0;0;0;              ;0;0
614;MDF 5mm BxB;2475;1210;5;611;0;0;0;0;0;0;0;0;0;0;              ;0;0
615;MDF 5mm BxR;3050;1250;5;615;44;0;44;44;0;0;0;0;0;0;              ;0;0
620;MDF 13mm AFQMxB;2800;2070;13;620;40;0;40;40;0;0;0;0;0;0;              ;0;0
621;MDF 13mm BxB;3050;1220;13;621;0;0;0;0;0;0;0;0;0;0;              ;0;0
622;MDF 13mm BxB;3050;1310;13;622;79;0;79;79;0;0;0;0;0;0;              ;0;0
623;MDF 13mm AWxB;2440;1220;13;623;41;0;41;41;0;0;0;0;0;0;              ;0;0
624;MDF Zwart 13mm NOOTxNOOT;3050;1220;13;624;7;0;7;7;0;0;0;0;0;0;              ;0;0
630;MDF 17mm AFQMxAFQM;2800;2070;17;630;29;0;29;29;0;0;0;0;0;0;              ;0;0
631;MDF 17mm BxB;3050;1250;17;631;3;0;3;3;0;0;0;0;0;0;              ;0;0
640;MDF 19mm EikAwerenxB;2800;2070;19;640;4;0;4;4;0;0;0;0;0;0;              ;0;0
641;MDF 19mm EikAwerenxB;2560;1255;19;640;5;0;5;5;0;0;0;0;0;0;              ;0;0
650;MDF 19mm AFQMxB;2800;2070;19;650;35;0;35;35;0;0;0;0;0;0;              ;0;0
651;MDF 19mm AFQMxB;2520;1250;19;650;0;0;0;0;0;0;0;0;0;0;              ;0;0
652;MDF 19mm AFQMxB Deuren;3050;1250;19;650;17;0;17;17;0;0;0;0;0;0;              ;0;0
653;HSP 19mm BxB;1990;610;19;720;69;0;69;69;0;0;0;0;0;0;PM91436       ;0;0
654;MDF 19mm AFQMxROOD;3050;1300;19;650;7;0;7;7;0;0;0;0;0;0;              ;0;0
655;MDF 19mm AFQMxB S1-S5;2550;1250;19;651;8;0;8;8;0;0;0;0;0;0;              ;0;0
660;MDF 23mm AFQMxB;2800;2070;23;660;43;0;43;43;0;0;0;0;0;0;              ;0;0
661;MDF 23mm AFQMxAFQM;2800;2070;23;661;12;0;12;12;0;0;0;0;0;0;              ;0;0
662;MDF 23mm BxB;2800;2070;23;662;6;0;6;6;0;0;0;0;0;0;              ;0;0
663;MDF 23mm AFQMxAFQM;2545;1215;23;661;10;0;10;10;0;0;0;0;0;0;              ;0;0
664;MDF 23mm BxB;3050;1310;23;662;0;0;0;0;0;0;0;0;0;0;              ;0;0
665;MDF 31mm AFQMxB;2800;2070;31;665;28;0;28;28;0;0;0;0;0;0;              ;0;0
666;MDF 31mm AFQMxAFQM;2800;2070;31;666;9;0;9;9;0;0;0;0;0;0;              ;0;0
667;MDF 31mm BxB;2800;2070;31;667;1;0;1;1;0;0;0;0;0;0;              ;0;0
668;MDF 31mm BxB;3050;1220;31;667;0;0;0;0;0;0;0;0;0;0;              ;0;0
669;MDF 31mm Eik Gerookt;2800;2070;31;669;0;0;0;0;0;0;0;0;0;0;              ;0;0
670;MDF Zwart 19mm KrakAwxB;2800;1240;19;670;0;0;0;0;0;0;0;0;0;0;              ;0;0
671;MDF Zwart 19mm KrakAwxB;1835;800;19;670;91;0;91;91;0;0;0;0;0;0;              ;0;0
672;MDF Zwart 19mm KrakAwxB;2445;800;19;670;85;0;85;85;0;0;0;0;0;0;              ;0;0
673;MDF Zwart 19mm KrakAwxB;3050;1220;19;670;0;0;0;0;0;0;0;0;0;0;              ;0;0
674;MDF Zwart 19mm KrakAwxB;2800;830;19;670;1;0;1;1;0;0;0;0;0;0;              ;0;0
675;MDF Zwart 19mm NOOTxNOOT;3050;1220;19;675;0;0;0;0;0;0;0;0;0;0;              ;0;0
676;MDF Zwart 19mm NOOTxNOOT;3050;1310;19;675;0;0;0;0;0;0;0;0;0;0;              ;0;0
677;MDF Zwart 23mm BxB;1500;1225;23;677;0;0;0;0;0;0;0;0;0;0;Gedraaid      ;0;0
678;MDF Zwart 19mm KrakAwxB;3170;1310;19;670;0;0;0;0;0;0;0;0;0;0;              ;0;0
680;MDF Zwart 31mm KrakAwxB;2800;1400;31;680;13;0;13;13;0;0;0;0;0;0;              ;0;0
681;MDF Zwart 31mm KrakAwxB;2800;1240;31;681;35;0;35;35;0;0;0;0;0;0;              ;0;0
682;MDF Zwart 31mm KrakAwxB;2800;830;31;682;25;0;25;25;0;0;0;0;0;0;              ;0;0
690;FineerPlaat A Bloom;2655;470;19;690;40;0;40;40;0;0;0;0;0;0;              ;0;0
691;FineerPlaat A Intense;2650;469;23;691;21;0;21;21;0;0;0;0;0;0;              ;0;0
692;FineerPlaat Int/bloom;1835;469;19;692;60;0;60;60;0;0;0;0;0;0;              ;0;0
693;FineerPlaat Int/bloom;3045;469;19;692;30;0;30;30;0;0;0;0;0;0;              ;0;0
700;HSP 13mm BxB;2800;2070;13;700;0;0;0;0;0;0;0;0;0;0;              ;0;0
710;HSP 17mm BxB;2800;2070;17;710;38;0;38;38;0;0;0;0;0;0;              ;0;0
720;HSP 19mm BxB;2800;2070;19;720;0;0;0;0;0;0;0;0;0;0;              ;0;0
721;HSP 17mm BxR;2800;2070;17;721;7;0;7;7;0;0;0;0;0;0;              ;0;0
730;HSP 23mm BxB;2800;2070;23;730;37;0;37;37;0;0;0;0;0;0;GP30384       ;0;0
731;HSP 23mm BxB;3050;1250;23;730;0;0;0;0;0;0;0;0;0;0;              ;0;0
1001;BRUT MDF 30MM;2070;1145;30;140;1;1;1;1;0;0;0;0;0;0;              ;0;0
1002;HSP 18mm MelaminxMelamin wit;2350;2070;18;440;1;1;1;1;0;0;0;0;0;0;keukens       ;0;0
1003;MDF 19mm BxB GROEN;1930;1245;19;430;1;1;1;1;0;0;0;0;0;0;              ;0;0
1005;Bureau;3050;800;18;400;1;1;1;1;0;0;0;0;0;0;project       ;0;0
1008;MDF 13mm Ceder Sigaar;2424;870;13;460;1;1;1;1;0;0;0;0;0;0;sigaar        ;0;0
1009;Dekplaat MDF 22MM;2070;1330;22;32;1;1;1;1;0;0;0;0;0;0;              ;0;0
