1;Fenix 720 ZWART nero;3050;1220;18;1;7;0;7;7;0;0;0;0;0;0;HOOFD NR      ;0;0
2;Fenix 750 GROEN verde;3050;1220;18;2;0;0;0;0;0;0;0;0;0;0;HOOFD NR      ;0;0
3;Fenix 751 ROSSO jaipur;3050;1220;18;3;1;0;1;1;0;0;0;0;0;0;HOOFD NR      ;0;0
4;Fenix 789 ROSSO namib;3050;1220;18;4;0;0;0;0;0;0;0;0;0;0;              ;0;0
5;Fenix 719 BEIGE luxor;3050;1220;18;5;0;0;0;0;0;0;0;0;0;0;              ;0;0
7;Fenix 754 BLAUW blu fes;3050;1220;18;7;0;0;0;0;0;0;0;0;0;0;              ;0;0
8;Bodem 3050x800;3050;800;10;8;0;0;0;0;0;0;0;0;0;0;              ;0;0
9;Bodem 3050x1300;3050;1300;19;9;15;0;15;15;0;0;0;0;0;0;              ;0;0
10;Bodem 2800x800;2800;800;8;10;1;0;1;1;0;0;0;0;0;0;              ;0;0
11;;0;0;0;0;21;0;21;21;0;0;0;0;0;0;              ;0;0
12;Bodem 2800x1250;2800;2070;8;12;4;0;4;4;0;0;0;0;0;0;              ;0;0
13;Bodem 2800x1300;2800;1300;12;13;0;0;0;0;0;0;0;0;0;0;              ;0;0
14;Bodem 1800x630;1800;630;19;14;4;0;4;4;0;0;0;0;0;0;              ;0;0
15;Bodem 2300x630;2300;630;19;15;4;0;4;4;0;0;0;0;0;0;              ;0;0
16;Bodem 2800x630;2800;630;19;16;4;0;4;4;0;0;0;0;0;0;              ;0;0
20;Dekplaat HSP 8MM;2800;2070;8;20;2;0;2;2;0;0;0;0;0;0;              ;0;0
21;Dekplaat HSP 12MM;2800;1300;12;21;0;0;0;0;0;0;0;0;0;0;              ;0;0
22;Dekplaat HSP 12MM;3050;1300;12;22;0;0;0;0;0;0;0;0;0;0;              ;0;0
23;Dekplaat 3050x1300;3050;1300;23;23;4;0;4;4;0;0;0;0;0;0;              ;0;0
24;Dekplaat HSP 12MM melamine;2505;1250;12;24;0;0;0;0;0;0;0;0;0;0;              ;0;0
25;Dekplaat HSP 15mm;2360;2070;15;25;1;0;1;1;0;0;0;0;0;0;              ;0;0
26;Dekplaat MDF 10MM;2800;2070;10;26;5;0;5;5;0;0;0;0;0;0;              ;0;0
27;Dekplaat MDF 8MM;2800;2070;8;27;21;0;21;21;0;0;0;0;0;0;              ;0;0
28;Dekplaat MDF 19MM;2800;2070;19;28;28;0;28;28;0;0;0;0;0;0;              ;0;0
29;Dekplaat MDF 4MM;2800;2070;4;29;7;0;7;7;0;0;0;0;0;0;              ;0;0
30;Dekplaat HSP 12MM;2800;1240;12;30;0;0;0;0;0;0;0;0;0;0;              ;0;0
31;dekplaat HSP 23mm;2800;2070;23;31;3;0;3;3;0;0;0;0;0;0;              ;0;0
32;dekplaat HSP 13mm;2800;2070;13;32;0;0;0;0;0;0;0;0;0;0;              ;0;0
33;Dekplaat HSP 18mm;2800;2070;18;33;2;0;2;2;0;0;0;0;0;0;              ;0;0
40;plooimdf 10mm BULO;2800;1030;10;40;0;0;0;0;0;0;0;0;0;0;HOOFD NR      ;0;0
50;MDF 41mm Gerookte EIK BULO;3050;1300;41;50;0;0;0;0;0;0;0;0;0;0;HOOFD NR      ;0;0
51;MDF 21mm Gerookte EIK BULO;3050;1300;21;51;2;0;2;2;0;0;0;0;0;0;HOOFD NR      ;0;0
100;BRUT MDF 3mm S;2800;2070;3;100;0;0;0;0;0;0;0;0;0;0;HOOFD NR      ;0;0
101;BRUT MDF 3MM;3050;2100;3;100;6;0;6;6;0;0;0;0;0;0;              ;0;0
120;BRUT MDF 6MM;2440;1220;6;120;9;0;9;9;0;0;0;0;0;0;HOOFD NR      ;0;0
122;BRUT MDF 9MM GROEN;3050;1220;9;122;1;0;1;1;0;0;0;0;0;0;HOOFD NR      ;0;0
125;BRUT MDF 12MM ZWART;3050;1220;12;125;13;0;13;13;0;0;0;0;0;0;HOOFD NR      ;0;0
130;BRUT MDF 12MM;2800;2070;12;130;8;0;8;8;0;0;0;0;0;0;HOOFD NR      ;0;0
132;BRUT MDF 18MM;3050;1310;18;132;0;0;0;0;0;0;0;0;0;0;HOOFD NR      ;0;0
133;BRUT MDF 18MM;2800;2070;18;133;10;0;10;10;0;0;0;0;0;0;HOOFD NR      ;0;0
134;BRUT MDF 18MM GROEN;3050;1220;18;134;2;0;2;2;0;0;0;0;0;0;HOOFD NR      ;0;0
135;BRUT MDF 25MM ZWART;2800;2070;25;135;12;0;12;12;0;0;0;0;0;0;HOOFD NR      ;0;0
136;BRUT MDF 30MM GROEN;3050;1220;30;136;1;0;1;1;0;0;0;0;0;0;              ;0;0
140;BRUT MDF 30MM;2800;2070;30;140;0;0;0;0;0;0;0;0;0;0;HOOFD NR      ;0;0
144;BRUT MDF 38MM GROEN;3050;1220;38;144;0;0;0;0;0;0;0;0;0;0;HOOFD NR      ;0;0
146;BRUT MDF 22MM;2800;2070;22;146;8;0;8;8;0;0;0;0;0;0;HOOFD NR      ;0;0
147;BRUT MDF 22MM SMAL;2600;620;22;146;27;0;27;27;0;0;0;0;0;0;              ;0;0
150;HDF 4 zwart;2800;2070;4;150;43;0;43;43;0;0;0;0;0;0;HOOFD NR      ;0;0
151;HDF 3 ZwartxBrut;2800;2070;3;151;15;0;15;15;0;0;0;0;0;0;HOOFD NR      ;0;0
249;MULTI POP 10mm;2500;1220;10;0;5;0;5;5;0;0;0;0;0;0;HOOFD NR      ;0;0
250;MULTI POP 20mm;2500;1220;20;250;0;0;0;0;0;0;0;0;0;0;HOOFD NR      ;0;0
251;MULTI POP 15mm;2500;1220;15;251;5;0;5;5;0;0;0;0;0;0;HOOFD NR      ;0;0
252;MULTI BERK 15mm;2500;1250;15;252;27;0;27;27;0;0;0;0;0;0;HOOFD NR      ;0;0
253;MULTI BERK 24mm;2500;1250;24;253;7;0;7;7;0;0;0;0;0;0;HOOFD NR      ;0;0
254;MULTI BERK 20mm;2500;1250;20;254;10;0;10;10;0;0;0;0;0;0;HOOFD NR      ;0;0
255;MULTI BERK 22mm;2500;1250;22;255;0;0;0;0;0;0;0;0;0;0;HOOFD NR      ;0;0
256;MULTI 18mm Sokkel;2440;1220;18;256;0;0;0;0;0;0;0;0;0;0;HOOFD NR      ;0;0
257;MULTI 15mm Sokkel;2440;1220;15;257;0;0;0;0;0;0;0;0;0;0;HOOFD NR      ;0;0
411;MDF 23mm NootxNoot;3050;1250;23;411;1;0;1;1;0;0;0;0;0;0;HOOFD NR      ;0;0
490;MDF 7mm AFQMxB;3050;1310;7;490;23;0;23;23;0;0;0;0;0;0;HOOFD NR      ;0;0
500;MDF 4mm NOOTxNOOT;1800;630;4;602;0;0;0;0;0;0;0;0;0;0;              ;0;0
501;MDF 4mm NOOTxNOOT;2300;630;4;602;0;0;0;0;0;0;0;0;0;0;              ;0;0
502;MDF 4mm NOOTxNOOT;2800;630;4;602;0;0;0;0;0;0;0;0;0;0;              ;0;0
506;MDF 5mm BxB;1800;630;5;610;0;0;0;0;0;0;0;0;0;0;              ;0;0
507;MDF 5mm BxB;2300;630;5;610;0;0;0;0;0;0;0;0;0;0;              ;0;0
508;MDF 5mm BxB;2800;630;5;610;0;0;0;0;0;0;0;0;0;0;              ;0;0
509;MDF Zwart 13mm NOOTxNOOT;1800;630;13;624;0;0;0;0;0;0;0;0;0;0;              ;0;0
510;MDF Zwart 13mm NOOTxNOOT;2300;630;13;624;0;0;0;0;0;0;0;0;0;0;              ;0;0
511;MDF Zwart 13mm NOOTxNOOT;2800;630;13;624;0;0;0;0;0;0;0;0;0;0;              ;0;0
512;MDF 13mm AFQMxB;1800;630;13;620;2;0;2;2;0;0;0;0;0;0;;0;0
513;MDF 13mm AFQMxB;2300;630;13;620;0;0;0;0;0;0;0;0;0;0;              ;0;0
514;MDF 13mm AFQMxB;2800;630;13;620;8;0;8;8;0;0;0;0;0;0;              ;0;0
515;MDF 17mm AFQMxAFQM;1800;630;17;630;0;0;0;0;0;0;0;0;0;0;              ;0;0
516;MDF 17mm AFQMxAFQM;2300;630;17;630;0;0;0;0;0;0;0;0;0;0;              ;0;0
517;MDF 17mm AFQMxAFQM;2800;630;17;630;3;0;3;3;0;0;0;0;0;0;              ;0;0
518;MDF 19mm EikAwerenxB;1800;630;19;640;1;0;1;1;0;0;0;0;0;0;              ;0;0
519;MDF 19mm EikAwerenxB;2300;630;19;640;0;0;0;0;0;0;0;0;0;0;              ;0;0
520;MDF 19mm EikAwerenxB;2800;630;19;640;8;0;8;8;0;0;0;0;0;0;              ;0;0
521;MDF 19mm AFQMxB;1800;630;19;650;0;0;0;0;0;0;0;0;0;0;              ;0;0
522;MDF 19mm AFQMxB;2300;630;19;650;0;0;0;0;0;0;0;0;0;0;              ;0;0
523;MDF 19mm AFQMxB;2800;630;19;650;2;0;2;2;0;0;0;0;0;0;              ;0;0
524;MDF 23mm AFQMxB;1800;630;23;660;2;0;2;2;0;0;0;0;0;0;              ;0;0
525;MDF 23mm AFQMxB;2300;630;23;660;0;0;0;0;0;0;0;0;0;0;              ;0;0
526;MDF 23mm AFQMxB;2800;630;23;660;1;0;1;1;0;0;0;0;0;0;              ;0;0
527;MDF 23mm AFQMxAFQM;1800;630;23;661;0;0;0;0;0;0;0;0;0;0;              ;0;0
528;MDF 23mm AFQMxAFQM;2300;630;23;661;0;0;0;0;0;0;0;0;0;0;              ;0;0
529;MDF 23mm AFQMxAFQM;2800;630;23;661;2;0;2;2;0;0;0;0;0;0;              ;0;0
530;MDF 23mm BxB;1800;630;23;662;0;0;0;0;0;0;0;0;0;0;              ;0;0
531;MDF 23mm BxB;2300;630;23;662;0;0;0;0;0;0;0;0;0;0;              ;0;0
532;MDF 23mm BxB;2800;630;23;662;6;0;6;6;0;0;0;0;0;0;              ;0;0
533;MDF Zwart 19mm KrakAwxB;1800;630;19;670;2;0;2;2;0;0;0;0;0;0;              ;0;0
534;MDF Zwart 19mm KrakAwxB;2300;630;19;670;0;0;0;0;0;0;0;0;0;0;              ;0;0
535;MDF Zwart 19mm KrakAwxB;2800;630;19;670;0;0;0;0;0;0;0;0;0;0;              ;0;0
536;MDF 31mm AFQMxB;1800;630;31;665;0;0;0;0;0;0;0;0;0;0;              ;0;0
537;MDF 31mm AFQMxB;2300;630;31;665;1;0;1;1;0;0;0;0;0;0;              ;0;0
538;MDF 31mm AFQMxB;2800;630;31;665;1;0;1;1;0;0;0;0;0;0;              ;0;0
539;MDF 31mm AFQMxAFQM;1800;630;31;666;0;0;0;0;0;0;0;0;0;0;              ;0;0
540;MDF 31mm AFQMxAFQM;2300;630;31;666;0;0;0;0;0;0;0;0;0;0;              ;0;0
541;MDF 31mm AFQMxAFQM;2800;630;31;666;0;0;0;0;0;0;0;0;0;0;              ;0;0
542;MDF 31mm BxB;1800;630;31;667;0;0;0;0;0;0;0;0;0;0;              ;0;0
543;MDF 31mm BxB;2300;630;31;667;0;0;0;0;0;0;0;0;0;0;              ;0;0
544;MDF 31mm BxB;2800;630;31;667;0;0;0;0;0;0;0;0;0;0;              ;0;0
545;MDF Zwart 31mm KrakAwxB;1800;630;31;680;1;0;1;1;0;0;0;0;0;0;              ;0;0
546;MDF Zwart 31mm KrakAwxB;2300;630;31;680;0;0;0;0;0;0;0;0;0;0;              ;0;0
547;MDF Zwart 31mm KrakAwxB;2800;630;31;680;0;0;0;0;0;0;0;0;0;0;              ;0;0
548;MDF 31mm NOOTxNOOT;1800;630;31;669;0;0;0;0;0;0;0;0;0;0;              ;0;0
549;MDF 31mm NOOTxNOOT;2300;630;31;669;0;0;0;0;0;0;0;0;0;0;              ;0;0
550;MDF 31mm NOOTxNOOT;2800;630;31;669;0;0;0;0;0;0;0;0;0;0;              ;0;0
551;MDF 13mm BxB;1800;630;13;621;0;0;0;0;0;0;0;0;0;0;              ;0;0
552;MDF 13mm BxB;2300;630;13;621;0;0;0;0;0;0;0;0;0;0;              ;0;0
553;MDF 13mm BxB;2800;630;13;621;0;0;0;0;0;0;0;0;0;0;              ;0;0
554;HSP 17mm BxB;1800;630;17;710;0;0;0;0;0;0;0;0;0;0;              ;0;0
555;HSP 17mm BxB;2300;630;17;710;0;0;0;0;0;0;0;0;0;0;              ;0;0
556;HSP 17mm BxB;2800;630;17;710;0;0;0;0;0;0;0;0;0;0;              ;0;0
557;HSP 19mm BxB;1800;630;19;720;0;0;0;0;0;0;0;0;0;0;              ;0;0
558;HSP 19mm BxB;2300;630;19;720;0;0;0;0;0;0;0;0;0;0;              ;0;0
559;HSP 19mm BxB;2800;630;19;720;1;0;1;1;0;0;0;0;0;0;              ;0;0
560;Mdf zwart 19mm BXB japandi;1800;630;19;401;0;0;0;0;0;0;0;0;0;0;              ;0;0
561;Mdf zwart 19mm BXB japandi;2300;630;19;401;0;0;0;0;0;0;0;0;0;0;              ;0;0
562;Mdf zwart 19mm BXB japandi;2800;630;19;401;5;0;5;5;0;0;0;0;0;0;              ;0;0
563;HSP 23mm BxB;1800;630;23;730;0;0;0;0;0;0;0;0;0;0;              ;0;0
564;HSP 23mm BxB;2300;630;23;730;0;0;0;0;0;0;0;0;0;0;              ;0;0
565;HSP 23mm BxB;2800;630;23;730;0;0;0;0;0;0;0;0;0;0;              ;0;0
566;MDF 23mm NOOTxNOOT;1800;630;23;411;0;0;0;0;0;0;0;0;0;0;              ;0;0
567;MDF 23mm NOOTxNOOT;2300;630;23;411;0;0;0;0;0;0;0;0;0;0;              ;0;0
568;MDF 23mm NOOTxNOOT;2800;630;23;411;0;0;0;0;0;0;0;0;0;0;              ;0;0
569;MDF Zwart 19mm NOOTxNOOT;1800;630;19;412;0;0;0;0;0;0;0;0;0;0;              ;0;0
570;MDF Zwart 19mm NOOTxNOOT;2300;630;19;412;0;0;0;0;0;0;0;0;0;0;              ;0;0
571;MDF Zwart 19mm NOOTxNOOT;2800;630;19;412;0;0;0;0;0;0;0;0;0;0;              ;0;0
572;MDF 13mm AWxB;2800;630;13;623;0;0;0;0;0;0;0;0;0;0;              ;0;0
573;HSP 26mm BxB;1800;630;26;740;0;0;0;0;0;0;0;0;0;0;              ;0;0
574;HSP 26mm BxB;2300;630;26;740;0;0;0;0;0;0;0;0;0;0;              ;0;0
575;HSP 26mm BxB;2800;630;26;740;5;0;5;5;0;0;0;0;0;0;              ;0;0
602;MDF 4mm NOOTxNOOT;3050;1250;4;602;12;0;12;12;0;0;0;0;0;0;HOOFD NR      ;0;0
603;MDF 32mm SCRATCH;3050;1270;32;603;0;0;0;0;0;0;0;0;0;0;HOOFD NR      ;0;0
610;MDF 5mm BxB;3050;1220;5;610;7;0;7;7;0;0;0;0;0;0;HOOFD NR      ;0;0
611;MDF 5mm BxB BREED;2800;2070;5;611;0;0;0;0;0;0;0;0;0;0;HOOFD NR      ;0;0
620;MDF 13mm AFQMxB;2800;2070;13;620;7;0;7;7;0;0;0;0;0;0;HOOFD NR      ;0;0
621;MDF 13mm BxB;3050;1220;13;621;7;0;7;7;0;0;0;0;0;0;HOOFD NR      ;0;0
622;MDF 13mm BxB;3050;1310;13;622;0;0;0;0;0;0;0;0;0;0;HOOFD NR      ;0;0
623;MDF 13mm BxB;2440;1220;13;623;15;0;15;15;0;0;0;0;0;0;HOOFD NR      ;0;0
624;MDF Zwart 13mm NOOTxNOOT;3050;1220;13;624;0;0;0;0;0;0;0;0;0;0;HOOFD NR      ;0;0
625;MDF 13mm AFQMxB;3050;1220;13;625;0;0;0;0;0;0;0;0;0;0;HOOFD NR      ;0;0
630;MDF 17mm AFQMxAFQM;2800;2070;17;630;24;0;24;24;0;0;0;0;0;0;HOOFD NR      ;0;0
640;MDF 19mm EikAwerenxB;2800;2070;19;640;12;0;12;12;0;0;0;0;0;0;HOOFD NR      ;0;0
641;MDF 19MM EikAwerenxBweinig weren;2800;2070;19;641;10;0;10;10;0;0;0;0;0;0;HOOFD NR      ;0;0
645;MDF Zwart 19mm BxB Japandi;2800;2070;19;645;7;0;7;7;0;0;0;0;0;0;HOOFD NR      ;0;0
646;MDF Zwart 20mm BxB Japandi;2800;2070;20;646;10;0;10;10;0;0;0;0;0;0;HOOFD NR      ;0;0
650;MDF 19mm AFQMxB;2800;2070;19;650;16;0;16;16;0;0;0;0;0;0;HOOFD NR      ;0;0
652;MDF 19mm AFQMxB Deuren;3050;1300;19;650;0;0;0;0;0;0;0;0;0;0;              ;0;0
654;MDF 19mm AFQMxROOD;3050;1300;19;654;0;0;0;0;0;0;0;0;0;0;              ;0;0
655;MDF 19mm AFQMxB S1-S5;2550;1250;19;720;0;0;0;0;0;0;0;0;0;0;              ;0;0
656;MDF 20mm SCRATCH;3050;1250;20;656;5;0;5;5;0;0;0;0;0;0;HOOFD NR      ;0;0
660;MDF 23mm AFQMxB;2800;2070;23;660;14;0;14;14;0;0;0;0;0;0;HOOFD NR      ;0;0
661;MDF 23mm AFQMxAFQM;2800;2070;23;661;1;0;1;1;0;0;0;0;0;0;HOOFD NR      ;0;0
662;MDF 23mm BxB;2800;2070;23;662;18;0;18;18;0;0;0;0;0;0;HOOFD NR      ;0;0
663;MDF 23mm AFQMxAFQM;2545;1215;23;661;0;0;0;0;0;0;0;0;0;0;              ;0;0
664;MDF 26mm AFQMxB;3050;1220;26;664;0;0;0;0;0;0;0;0;0;0;HOOFD NR      ;0;0
665;MDF 31mm AFQMxB;2800;2070;31;665;1;0;1;1;0;0;0;0;0;0;HOOFD NR      ;0;0
666;MDF 31mm AFQMxAFQM;2800;2070;31;666;0;0;0;0;0;0;0;0;0;0;HOOFD NR      ;0;0
667;MDF 31mm BxB;2800;2070;31;667;8;0;8;8;0;0;0;0;0;0;HOOFD NR      ;0;0
668;MDF 31mm BxB;3050;1220;31;667;0;0;0;0;0;0;0;0;0;0;              ;0;0
669;MDF 31mm NOOTxNOOT;3050;1260;31;669;4;0;4;4;0;0;0;0;0;0;HOOFD NR      ;0;0
670;MDF Zwart 19mm KrakAwxB;2800;1240;19;670;0;0;0;0;0;0;0;0;0;0;HOOFD NR      ;0;0
671;MDF Zwart 19mm KrakAwxB;1835;800;19;670;36;0;36;36;0;0;0;0;0;0;              ;0;0
672;MDF Zwart 19mm KrakAwxB;2445;800;19;670;0;0;0;0;0;0;0;0;0;0;              ;0;0
673;MDF Groen 19mm KrakAwxB;3160;1300;19;673;0;0;0;0;0;0;0;0;0;0;HOOFD NR      ;0;0
675;MDF Zwart 19mm NOOTxNOOT;3050;1270;19;675;0;0;0;0;0;0;0;0;0;0;HOOFD NR      ;0;0
676;MDF Zwart 19mm NOOTxNOOT;3050;1220;19;675;0;0;0;0;0;0;0;0;0;0;HOOFD NR      ;0;0
677;MDF Zwart 19mm BerkxBerk(luca);2535;1300;19;0;1;0;1;1;0;0;0;0;0;0;              ;0;0
680;MDF Zwart 31mm KrakAwxB;2800;1400;31;680;10;0;10;10;0;0;0;0;0;0;HOOFD NR      ;0;0
681;MDF Zwart 31mm KrakAwxB;2800;1240;31;680;31;0;31;31;0;0;0;0;0;0;              ;0;0
682;MDF Zwart 31mm KrakAwxB;2800;830;31;680;22;0;22;22;0;0;0;0;0;0;              ;0;0
691;FineerPlaat AFQMxB 23mm A Intense;2650;469;23;691;26;0;26;26;0;0;0;0;0;0;HOOFD NR      ;0;0
692;FineerPlaat AFQMxB 19mm Int bloom;1835;469;19;692;32;0;32;32;0;0;0;0;0;0;HOOFD NR      ;0;0
693;FineerPlaat AFQMxB 19mm Int bloom;3045;469;19;692;15;0;15;15;0;0;0;0;0;0;              ;0;0
710;HSP 17mm BxB;2800;2070;17;710;1;0;1;1;0;0;0;0;0;0;HOOFD NR      ;0;0
714;HSP 18mm AxA BULO;2800;1300;18;714;0;0;0;0;0;0;0;0;0;0;HOOFD NR      ;0;0
720;HSP 19mm BxB;2800;2070;19;720;0;0;0;0;0;0;0;0;0;0;HOOFD NR      ;0;0
723;HSP 28mm BULO;2800;2070;28;723;0;0;0;0;0;0;0;0;0;0;HOOFD NR      ;0;0
724;HSP 19mm BXB;3050;1250;19;724;0;0;0;0;0;0;0;0;0;0;HOOFD NR      ;0;0
725;HSP 08mm Melamine Grijs grafiet;2800;2100;8;725;0;0;0;0;0;0;0;0;0;0;HOOFD NR      ;0;0
726;HSP 18mm Melamine Grijs grafiet;2800;2100;18;726;0;0;0;0;0;0;0;0;0;0;HOOFD NR      ;0;0
727;HSP 22mm Melamine Grijs grafiet;2800;2100;22;727;2;0;2;2;0;0;0;0;0;0;HOOFD NR      ;0;0
728;HSP 18mm Melamine Antraciet Quartz;2800;2070;18;728;0;0;0;0;0;0;0;0;0;0;HOOFD NR      ;0;0
729;HSP 18mm Melamine Alu-Grijs;2800;2070;18;729;0;0;0;0;0;0;0;0;0;0;HOOFD NR      ;0;0
730;HSP 23mm BxB;2800;2070;23;730;12;0;12;12;0;0;0;0;0;0;HOOFD NR      ;0;0
731;HSP 25mm MELxMEL wit;2800;2070;25;731;25;0;25;25;0;0;0;0;0;0;HOOFD NR      ;0;0
732;HSP 18mm MELxMEL wit;2800;2070;18;732;95;0;95;95;0;0;0;0;0;0;HOOFD NR      ;0;0
733;HSP 32mm MELxMEL wit;2800;2070;32;733;13;0;13;13;0;0;0;0;0;0;HOOFD NR      ;0;0
734;HSP 12mm MELxMEL wit;2800;2070;12;734;97;0;97;97;0;0;0;0;0;0;HOOFD NR      ;0;0
735;HSP 28mm MELxMEL wit;2800;2070;28;735;15;0;15;15;0;0;0;0;0;0;HOOFD NR      ;0;0
736;HSP 18mm MELxMEL zwart;2800;2070;18;736;46;0;46;46;0;0;0;0;0;0;HOOFD NR      ;0;0
737;HSP 12mm MELxMEL zwart;2800;2070;12;737;45;0;45;45;0;0;0;0;0;0;HOOFD NR      ;0;0
738;HSP 25mm MELxMEL zwart;2800;2070;25;738;19;0;19;19;0;0;0;0;0;0;HOOFD NR      ;0;0
739;HSP 28mm MELxMEL zwart;2800;2070;28;739;0;0;0;0;0;0;0;0;0;0;HOOFD NR      ;0;0
740;HSP BxB 26mm;2800;2070;26;740;19;0;19;19;0;0;0;0;0;0;HOOFD NR      ;0;0
741;HSP 32mm MELxMEL zwart;2800;2070;32;741;0;0;0;0;0;0;0;0;0;0;HOOFD NR      ;0;0
760;HSP 39mm BxB;2795;2065;39;760;0;0;0;0;0;0;0;0;0;0;HOOFD NR      ;0;0
999;OPGELET PLAATS NIET AANPASSEN BLUSVAT;2800;1575;1;999;1;0;1;1;0;0;0;0;0;0;              ;0;0
1001;HSP 28mm MELxMEL wit;2800;1220;28;735;2;1;2;2;0;0;0;0;0;0;              ;0;0
1002;BRUT MDF 18MM GROEN;1820;1080;18;134;1;1;1;1;0;0;0;0;0;0;              ;0;0
1003;MULTI 15mm Sokkel;2440;850;15;257;1;1;1;1;0;0;0;0;0;0;;0;0
1004;BRUT MDF 25MM ZWART;2480;2070;25;135;1;1;1;1;0;0;0;0;0;0;              ;0;0
1005;MULTI BERK 15mm;2500;810;15;252;1;1;1;1;0;0;0;0;0;0;              ;0;0
1006;BRUT MDF 30MM;1400;990;30;140;1;1;1;1;0;0;0;0;0;0;              ;0;0
1007;BRUT MDF 25MM ZWART;2800;855;25;135;1;1;1;1;0;0;0;0;0;0;              ;0;0
1008;HSP 25mm MELxMEL wit;2070;1640;25;731;1;1;1;1;0;0;0;0;0;0;              ;0;0
1009;BRUT MDF 3MM;2495;1980;3;100;1;1;1;1;0;0;0;0;0;0;              ;0;0
1010;BRUT MDF 25MM ZWART;2070;1590;25;135;1;1;1;1;0;0;0;0;0;0;              ;0;0
1011;BRUT MDF 12MM;1500;2070;12;130;1;1;1;1;0;0;0;0;0;0;              ;0;0
1012;MULTI BERK 20mm;1890;1250;20;254;1;1;1;1;0;0;0;0;0;0;              ;0;0
1013;BRUT MDF 25MM ZWART;2180;2070;25;135;1;1;1;1;0;0;0;0;0;0;              ;0;0
1014;HSP 32mm MELxMEL wit;2800;1220;32;733;1;1;1;1;0;0;0;0;0;0;              ;0;0
1015;HSP 08mm Melamine Grijs grafiet;1975;980;8;725;1;1;1;1;0;0;0;0;0;0;              ;0;0
1016;BRUT MDF 25MM ZWART;2800;1445;25;135;1;1;1;1;0;0;0;0;0;0;              ;0;0
1017;BRUT MDF 30MM;2310;800;30;140;1;1;1;1;0;0;0;0;0;0;              ;0;0
1018;HSP 23mm BxB;2800;530;23;730;2;1;2;2;0;0;0;0;0;0;              ;0;0
1019;HSP 18mm MELxMEL wit;2800;1610;18;732;2;1;2;2;0;0;0;0;0;0;              ;0;0
1020;BRUT MDF 9MM GROEN;3050;695;9;122;1;1;1;1;0;0;0;0;0;0;              ;0;0
1021;BRUT MDF 30MM;2380;840;30;140;1;1;1;1;0;0;0;0;0;0;              ;0;0
1022;BRUT MDF 12MM ZWART;3050;860;12;125;1;1;1;1;0;0;0;0;0;0;              ;0;0
1023;BRUT MDF 30MM;2310;895;30;140;1;1;1;1;0;0;0;0;0;0;              ;0;0
1024;BRUT MDF 30MM;1920;1200;30;140;1;1;1;1;0;0;0;0;0;0;              ;0;0
1025;HSP 18mm Melamine Alu-Grijs;2800;1870;18;729;1;1;1;1;0;0;0;0;0;0;              ;0;0
1026;HSP 25mm MELxMEL wit;2353;1658;25;731;1;1;1;1;0;0;0;0;0;0;              ;0;0
1027;BRUT MDF 12MM ZWART;3050;795;12;125;1;1;1;1;0;0;0;0;0;0;              ;0;0
1029;HDF 3 ZwartxBrut;2800;890;3;151;1;1;1;1;0;0;0;0;0;0;              ;0;0
1030;HSP 25mm MELxMEL wit;2354;2070;25;731;3;1;3;3;0;0;0;0;0;0;              ;0;0
1031;HSP 08mm Melamine Grijs grafiet;2800;935;8;725;13;1;13;13;0;0;0;0;0;0;              ;0;0
1032;HSP 18mm Melamine Grijs grafiet;2370;1680;18;726;1;1;1;1;0;0;0;0;0;0;              ;0;0
1033;HSP 22mm Melamine Grijs grafiet;2000;1320;22;727;1;1;1;1;0;0;0;0;0;0;              ;0;0
1034;Fenix 750 GROEN verde;3050;780;18;2;1;1;1;1;0;0;0;0;0;0;              ;0;0
1035;MULTI BERK 15mm;2170;1250;15;252;1;1;1;1;0;0;0;0;0;0;              ;0;0
1036;BRUT MDF 18MM;2800;860;18;133;1;1;1;1;0;0;0;0;0;0;              ;0;0
1037;MULTI POP 15mm;2500;1130;15;251;1;1;1;1;0;0;0;0;0;0;              ;0;0
1038;HSP 08mm Melamine Grijs grafiet;2800;980;8;725;4;1;4;4;0;0;0;0;0;0;              ;0;0
1039;HSP 08mm Melamine Grijs grafiet;2800;850;8;725;6;1;6;6;0;0;0;0;0;0;              ;0;0
1040;HSP 08mm Melamine Grijs grafiet;2800;790;8;725;3;1;3;3;0;0;0;0;0;0;              ;0;0
1041;HSP 08mm Melamine Grijs grafiet;1400;935;8;725;1;1;1;1;0;0;0;0;0;0;              ;0;0
1043;HSP 25mm MELxMEL wit;2350;1130;25;731;1;1;1;1;0;0;0;0;0;0;              ;0;0
1044;HSP 12mm MELxMEL zwart;1560;1630;12;737;1;1;1;1;0;0;0;0;0;0;              ;0;0
1045;BRUT MDF 12MM ZWART;2800;990;12;125;1;1;1;1;0;0;0;0;0;0;              ;0;0
1046;BRUT MDF 25MM ZWART;1900;855;25;135;1;1;1;1;0;0;0;0;0;0;              ;0;0
1047;BRUT MDF 18MM;2070;1610;18;133;1;1;1;1;0;0;0;0;0;0;              ;0;0
1049;Fenix 720 ZWART nero;2210;1220;18;1;1;1;1;1;0;0;0;0;0;0;              ;0;0
1050;MDF 20mm SCRATCH;2800;630;20;656;1;1;1;1;0;0;0;0;0;0;              ;0;0
1051;Fenix 751 ROOD rosso;3050;750;18;3;1;1;1;1;0;0;0;0;0;0;              ;0;0
1052;Fenix 754 BLAUW (blu fes);3050;785;18;7;1;1;1;1;0;0;0;0;0;0;              ;0;0
1054;HSP 18mm MELxMEL zwart;2475;2070;18;736;1;1;1;1;0;0;0;0;0;0;              ;0;0
